,Date,Day of Week,Category,Dry Actuals,Dry Fc,Fresh,Fresh Fc,Ultrafresh,Ultrafresh Fc,Frozen,Frozen Fc,Total Inbound,Total Inbound Fc,Pre-orders Fc,Promo Dry,Promo Fresh,Promo Frozen,HD Total,Pick Capacity,Collect Total,Pre Orders
0,2023-01-02,Monday,All,81219.0,84311.0,56032.0,55853.0,7732.0,8856.0,7484.0,6877.0,152467.0,152619.0,22870.0,4,4,0,989,13043,686,18296.0
1,2023-01-03,Tuesday,All,88830.0,85365.0,68934.0,70925.0,10320.0,10939.0,9508.0,8016.0,177592.0,180848.0,26639.0,2,1,2,865,13416,646,21311.0
2,2023-01-04,Wednesday,All,95992.0,103639.0,71653.0,70283.0,9901.0,11671.0,7604.0,8009.0,185150.0,185064.0,27772.0,4,1,0,1156,10843,819,22218.0
3,2023-01-05,Thursday,All,83762.0,79996.0,59693.0,57850.0,7582.0,6189.0,7729.0,9319.0,158766.0,164610.0,23815.0,1,3,0,1349,13184,586,19052.0
4,2023-01-06,Friday,All,59206.0,55386.0,47656.0,48072.0,5749.0,5510.0,5736.0,6778.0,118347.0,115575.0,17752.0,2,3,0,1112,11849,872,14202.0
5,2023-01-07,Saturday,All,61801.0,65048.0,47585.0,38941.0,5280.0,4864.0,6104.0,5911.0,120770.0,112800.0,18116.0,4,2,0,1159,10393,616,14492.0
6,2023-01-09,Monday,All,80512.0,85090.0,57863.0,60010.0,8175.0,6399.0,6176.0,6183.0,152726.0,164588.0,22909.0,1,1,2,1186,12449,850,18327.0
7,2023-01-10,Tuesday,All,91726.0,94415.0,67754.0,67751.0,9520.0,10474.0,9033.0,9699.0,178033.0,174405.0,26705.0,3,0,0,1033,13908,938,21364.0
8,2023-01-11,Wednesday,All,92924.0,82810.0,77238.0,77417.0,8309.0,8066.0,8693.0,9535.0,187164.0,183753.0,28075.0,2,4,0,872,10562,625,22460.0
9,2023-01-12,Thursday,All,76588.0,79816.0,60893.0,65216.0,7679.0,8345.0,6981.0,6723.0,152141.0,151746.0,22821.0,1,4,2,1104,10058,571,18257.0
10,2023-01-13,Friday,All,70528.0,64322.0,52268.0,43480.0,5728.0,7852.0,6024.0,6050.0,134548.0,134951.0,20182.0,1,4,1,1321,13666,1064,16146.0
11,2023-01-14,Saturday,All,70121.0,71533.0,48141.0,39259.0,7214.0,6896.0,5319.0,5544.0,130795.0,128475.0,19619.0,3,2,0,988,12387,1016,15695.0
12,2023-01-16,Monday,All,80265.0,71723.0,59443.0,60675.0,6979.0,6600.0,6711.0,7126.0,153398.0,153293.0,23010.0,2,4,2,1322,10876,683,18408.0
13,2023-01-17,Tuesday,All,97500.0,100178.0,68252.0,68220.0,8868.0,8975.0,8068.0,7968.0,182688.0,182449.0,27403.0,1,2,0,1312,13170,1120,21923.0
14,2023-01-18,Wednesday,All,94861.0,90021.0,62438.0,63204.0,10399.0,11288.0,7373.0,7283.0,175071.0,176120.0,26261.0,3,0,0,946,11574,654,21009.0
15,2023-01-19,Thursday,All,76564.0,68868.0,55867.0,53787.0,8815.0,8305.0,7432.0,8467.0,148678.0,134533.0,22302.0,0,0,1,1145,11327,1148,17841.0
16,2023-01-20,Friday,All,68485.0,72768.0,44177.0,47167.0,5822.0,5254.0,6298.0,7205.0,124782.0,136067.0,18717.0,0,1,2,1248,11159,579,14974.0
17,2023-01-21,Saturday,All,63175.0,64625.0,42859.0,47056.0,5890.0,6841.0,5351.0,5709.0,117275.0,116391.0,17591.0,4,1,0,1096,12394,962,14073.0
18,2023-01-23,Monday,All,83515.0,79831.0,56415.0,58593.0,8371.0,8712.0,7175.0,8464.0,155476.0,158960.0,23321.0,3,4,2,1219,10538,513,18657.0
19,2023-01-24,Tuesday,All,92792.0,101499.0,74368.0,73194.0,8337.0,6497.0,8167.0,7877.0,183664.0,175395.0,27550.0,2,1,0,1346,11448,638,22040.0
20,2023-01-25,Wednesday,All,92252.0,89608.0,70260.0,60775.0,8616.0,7513.0,8464.0,9681.0,179592.0,176766.0,26939.0,0,3,2,1176,11220,783,21551.0
21,2023-01-26,Thursday,All,77277.0,77470.0,63873.0,67335.0,7833.0,9184.0,6687.0,7094.0,155670.0,151636.0,23350.0,2,1,0,1302,10242,559,18680.0
22,2023-01-27,Friday,All,71901.0,73514.0,50842.0,56340.0,7199.0,7561.0,5260.0,7713.0,135202.0,144020.0,20280.0,2,3,1,1280,13052,819,16224.0
23,2023-01-28,Saturday,All,66393.0,62675.0,51957.0,54858.0,6008.0,5322.0,6228.0,5334.0,130586.0,127071.0,19588.0,2,2,1,1287,10033,662,15670.0
24,2023-01-30,Monday,All,78288.0,81115.0,57299.0,53341.0,8062.0,7909.0,6969.0,6452.0,150618.0,155166.0,22593.0,0,0,0,1311,13838,569,18074.0
25,2023-01-31,Tuesday,All,91583.0,88382.0,71965.0,74997.0,10414.0,10426.0,9311.0,9625.0,183273.0,179370.0,27491.0,2,2,1,935,10379,1173,21993.0
26,2023-02-01,Wednesday,All,95121.0,92651.0,72580.0,76452.0,10997.0,11659.0,8323.0,8621.0,187021.0,184305.0,28053.0,2,0,2,811,11432,1187,22443.0
27,2023-02-02,Thursday,All,81463.0,89639.0,58271.0,65286.0,7655.0,6433.0,6538.0,8001.0,153927.0,152454.0,23089.0,1,4,1,891,10393,1173,18471.0
28,2023-02-03,Friday,All,68662.0,62418.0,51288.0,47346.0,6259.0,5502.0,6316.0,5815.0,132525.0,140228.0,19879.0,0,3,1,949,11467,607,15903.0
29,2023-02-04,Saturday,All,68734.0,54257.0,51308.0,50289.0,7363.0,7609.0,6018.0,6697.0,133423.0,122084.0,20013.0,4,4,2,1214,12443,767,16011.0
30,2023-02-06,Monday,All,88568.0,98234.0,58353.0,61716.0,7088.0,6998.0,7365.0,8237.0,161374.0,153480.0,24206.0,3,4,2,1105,10349,729,19365.0
31,2023-02-07,Tuesday,All,91366.0,106662.0,67026.0,67284.0,10350.0,10865.0,8896.0,9424.0,177638.0,165954.0,26646.0,3,1,0,1081,12103,728,21317.0
32,2023-02-08,Wednesday,All,90943.0,88511.0,66842.0,61814.0,9123.0,8016.0,7974.0,7253.0,174882.0,168357.0,26232.0,3,3,2,805,13087,791,20986.0
33,2023-02-09,Thursday,All,76747.0,65126.0,60261.0,62127.0,8063.0,8384.0,6938.0,7994.0,152009.0,147139.0,22801.0,3,0,2,1210,11821,857,18241.0
34,2023-02-10,Friday,All,69475.0,67612.0,50590.0,53194.0,6124.0,7106.0,5617.0,6539.0,131806.0,122119.0,19771.0,0,4,2,1018,10449,839,15817.0
35,2023-02-11,Saturday,All,71527.0,69810.0,47232.0,47628.0,5695.0,6133.0,5057.0,5507.0,129511.0,125106.0,19427.0,2,3,2,1256,12767,704,15541.0
36,2023-02-13,Monday,All,79546.0,78406.0,60082.0,61070.0,7412.0,7537.0,6870.0,7023.0,153910.0,141822.0,23086.0,4,3,2,867,10745,1185,18469.0
37,2023-02-14,Tuesday,All,89632.0,82952.0,72106.0,70942.0,9900.0,9814.0,8969.0,9139.0,180607.0,174499.0,27091.0,1,4,2,977,10067,1185,21673.0
38,2023-02-15,Wednesday,All,89694.0,93171.0,72249.0,78901.0,10331.0,9580.0,8420.0,8361.0,180694.0,187897.0,27104.0,4,4,0,832,11747,731,21683.0
39,2023-02-16,Thursday,All,82604.0,85751.0,64658.0,60605.0,7924.0,7859.0,6329.0,6810.0,161515.0,163937.0,24227.0,0,4,2,970,11083,654,19382.0
40,2023-02-17,Friday,All,69985.0,61019.0,53441.0,50798.0,6312.0,7446.0,4925.0,4948.0,134663.0,135788.0,20199.0,1,0,0,1354,10113,872,16160.0
41,2023-02-18,Saturday,All,69184.0,73379.0,46606.0,46655.0,6613.0,6506.0,6535.0,5899.0,128938.0,122921.0,19341.0,1,0,1,1094,13109,758,15473.0
42,2023-02-20,Monday,All,77340.0,89656.0,65053.0,69008.0,7419.0,6618.0,6957.0,6171.0,156769.0,147552.0,23515.0,3,4,2,1063,12398,1191,18812.0
43,2023-02-21,Tuesday,All,93921.0,94953.0,68802.0,62064.0,10178.0,9735.0,7977.0,7413.0,180878.0,174043.0,27132.0,0,1,0,964,13639,800,21705.0
44,2023-02-22,Wednesday,All,93459.0,91435.0,73529.0,67633.0,10226.0,10407.0,8164.0,8331.0,185378.0,185119.0,27807.0,1,2,2,958,11921,527,22245.0
45,2023-02-23,Thursday,All,80877.0,80025.0,60206.0,51036.0,9564.0,9228.0,6264.0,6244.0,156911.0,162120.0,23537.0,3,0,1,1200,11753,587,18829.0
46,2023-02-24,Friday,All,70498.0,74190.0,48374.0,48521.0,6045.0,6482.0,6415.0,6577.0,131332.0,136746.0,19700.0,1,3,0,1391,13370,552,15760.0
47,2023-02-25,Saturday,All,67906.0,57522.0,44187.0,39155.0,5995.0,6466.0,5507.0,5883.0,123595.0,127379.0,18539.0,4,4,0,1248,10325,767,14831.0
48,2023-02-27,Monday,All,82718.0,83704.0,59488.0,57758.0,8464.0,9264.0,7686.0,7216.0,158356.0,153931.0,23753.0,4,4,1,1242,11446,721,19003.0
49,2023-02-28,Tuesday,All,93263.0,90920.0,65717.0,68693.0,10226.0,11507.0,8327.0,9426.0,177533.0,177680.0,26630.0,1,2,1,1083,13194,1099,21304.0
50,2023-03-01,Wednesday,All,94149.0,105236.0,73297.0,70410.0,9413.0,10309.0,9016.0,8815.0,185875.0,183947.0,27881.0,2,3,1,859,11170,1123,22305.0
51,2023-03-02,Thursday,All,82528.0,81483.0,64553.0,65594.0,7761.0,6920.0,7131.0,6806.0,161973.0,160766.0,24296.0,1,2,0,1234,13540,598,19437.0
52,2023-03-03,Friday,All,61184.0,71191.0,47220.0,45873.0,6595.0,5782.0,6130.0,6492.0,121129.0,133352.0,18169.0,1,2,0,1285,11136,1161,14535.0
53,2023-03-04,Saturday,All,65734.0,59112.0,50516.0,53541.0,5774.0,5706.0,6063.0,4686.0,128087.0,117515.0,19213.0,3,2,0,1106,11654,908,15370.0
54,2023-03-06,Monday,All,78121.0,81645.0,57827.0,59965.0,7756.0,7350.0,7314.0,6721.0,151018.0,149610.0,22653.0,1,4,0,854,13589,714,18122.0
55,2023-03-07,Tuesday,All,90438.0,92354.0,68510.0,65396.0,9789.0,8765.0,8476.0,9212.0,177213.0,184483.0,26582.0,0,1,2,1227,10973,784,21266.0
56,2023-03-08,Wednesday,All,91893.0,86679.0,72719.0,71960.0,10332.0,9934.0,8185.0,6882.0,183129.0,174334.0,27469.0,1,2,0,1352,13872,808,21975.0
57,2023-03-09,Thursday,All,85983.0,87047.0,59887.0,64584.0,7640.0,7213.0,7961.0,8799.0,161471.0,157609.0,24221.0,4,3,2,934,10175,619,19377.0
58,2023-03-10,Friday,All,63549.0,70824.0,54830.0,56600.0,5165.0,4560.0,5250.0,6383.0,128794.0,125620.0,19319.0,1,2,0,895,11063,1107,15455.0
59,2023-03-11,Saturday,All,70886.0,68943.0,48164.0,41878.0,5121.0,4837.0,5706.0,5429.0,129877.0,128537.0,19482.0,1,0,1,1243,12364,508,15585.0
60,2023-03-13,Monday,All,73272.0,63120.0,63001.0,65951.0,7247.0,8308.0,7010.0,7229.0,150530.0,140954.0,22580.0,3,1,2,999,12376,548,18064.0
61,2023-03-14,Tuesday,All,91654.0,91549.0,70688.0,65807.0,8947.0,9126.0,8503.0,9342.0,179792.0,183364.0,26969.0,0,3,1,1229,13639,691,21575.0
62,2023-03-15,Wednesday,All,93644.0,88229.0,72783.0,79139.0,9642.0,11867.0,8087.0,7737.0,184156.0,188154.0,27623.0,1,3,0,1221,13839,600,22099.0
63,2023-03-16,Thursday,All,82348.0,80294.0,58662.0,63270.0,7290.0,7443.0,7161.0,7812.0,155461.0,158511.0,23319.0,0,3,1,959,12711,543,18655.0
64,2023-03-17,Friday,All,69858.0,69368.0,49462.0,50766.0,5849.0,5588.0,5620.0,5117.0,130789.0,125567.0,19618.0,4,4,0,825,12638,768,15695.0
65,2023-03-18,Saturday,All,70186.0,59952.0,49264.0,49972.0,5807.0,5811.0,4913.0,4555.0,130170.0,130689.0,19526.0,4,3,2,1133,11268,763,15620.0
66,2023-03-20,Monday,All,78608.0,68914.0,57495.0,56554.0,7739.0,7970.0,7008.0,6408.0,150850.0,145453.0,22628.0,3,2,2,1044,13222,587,18102.0
67,2023-03-21,Tuesday,All,91144.0,94036.0,72382.0,75435.0,10529.0,10921.0,7752.0,8009.0,181807.0,179811.0,27271.0,1,1,1,1313,12571,1067,21817.0
68,2023-03-22,Wednesday,All,96426.0,93290.0,72346.0,70677.0,10133.0,12002.0,7435.0,8303.0,186340.0,199261.0,27951.0,3,1,1,1014,10096,1117,22361.0
69,2023-03-23,Thursday,All,79238.0,63850.0,61784.0,62844.0,8013.0,7252.0,7072.0,6934.0,156107.0,156681.0,23416.0,3,4,1,949,13328,1003,18733.0
70,2023-03-24,Friday,All,61910.0,66619.0,54222.0,58146.0,5995.0,6768.0,5948.0,4995.0,128075.0,120950.0,19211.0,4,2,2,1316,11438,865,15369.0
71,2023-03-25,Saturday,All,62480.0,64114.0,53959.0,51431.0,6012.0,6199.0,5968.0,5156.0,128419.0,129501.0,19263.0,0,3,1,1241,11903,1163,15410.0
72,2023-03-27,Monday,All,76326.0,72043.0,58879.0,56106.0,8200.0,6786.0,7287.0,7583.0,150692.0,142581.0,22604.0,3,0,2,1171,11944,745,18083.0
73,2023-03-28,Tuesday,All,94983.0,87082.0,71515.0,66140.0,10086.0,10780.0,7336.0,8719.0,183920.0,176726.0,27588.0,0,0,1,1372,13278,798,22070.0
74,2023-03-29,Wednesday,All,93564.0,98579.0,68525.0,63735.0,9191.0,10332.0,7622.0,7917.0,178902.0,172655.0,26835.0,2,1,0,1269,11071,510,21468.0
75,2023-03-30,Thursday,All,82766.0,84862.0,60074.0,51846.0,8026.0,7255.0,7991.0,7701.0,158857.0,156191.0,23829.0,4,0,2,1319,11567,995,19063.0
76,2023-03-31,Friday,All,65304.0,79600.0,47812.0,51096.0,5053.0,5045.0,5181.0,5756.0,123350.0,128972.0,18502.0,0,3,1,1279,10156,564,14802.0
77,2023-04-01,Saturday,All,67648.0,70169.0,54472.0,62612.0,6399.0,4846.0,6010.0,5830.0,134529.0,137999.0,20179.0,0,3,2,1040,11394,965,16143.0
78,2023-04-03,Monday,All,82506.0,84832.0,61095.0,67509.0,8461.0,7328.0,6660.0,6376.0,158722.0,161860.0,23808.0,4,2,1,837,10353,1047,19047.0
79,2023-04-04,Tuesday,All,91757.0,90755.0,69742.0,62425.0,9568.0,10511.0,8343.0,7624.0,179410.0,172816.0,26912.0,0,1,1,1164,12331,651,21529.0
80,2023-04-05,Wednesday,All,94821.0,99722.0,73977.0,77239.0,10826.0,10406.0,7986.0,9042.0,187610.0,184362.0,28142.0,3,2,1,1258,13572,928,22513.0
81,2023-04-06,Thursday,All,77356.0,81107.0,53492.0,59891.0,7475.0,6477.0,7285.0,5381.0,145608.0,147240.0,21841.0,2,0,1,1395,11858,712,17473.0
82,2023-04-07,Friday,All,65562.0,73072.0,43569.0,41513.0,6403.0,6610.0,5773.0,6371.0,121307.0,117537.0,18196.0,1,2,2,1208,13648,778,14557.0
83,2023-04-08,Saturday,All,65487.0,62359.0,51999.0,52456.0,6251.0,5781.0,5481.0,5133.0,129218.0,127548.0,19383.0,4,0,1,1141,13908,870,15506.0
84,2023-04-10,Monday,All,75221.0,72609.0,60186.0,51150.0,7944.0,7520.0,6479.0,6171.0,149830.0,152478.0,22474.0,4,0,2,1145,10215,674,17980.0
85,2023-04-11,Tuesday,All,94943.0,92068.0,71148.0,72348.0,9668.0,10333.0,8437.0,9706.0,184196.0,182103.0,27629.0,1,0,1,869,12065,1057,22104.0
86,2023-04-12,Wednesday,All,91117.0,95862.0,66417.0,61631.0,9801.0,8755.0,7697.0,7161.0,175032.0,176388.0,26255.0,0,0,0,804,12113,776,21004.0
87,2023-04-13,Thursday,All,80054.0,89044.0,59935.0,60833.0,8513.0,7698.0,7218.0,6708.0,155720.0,165276.0,23358.0,0,2,2,827,11540,823,18686.0
88,2023-04-14,Friday,All,68937.0,66184.0,55623.0,48598.0,7099.0,7238.0,7019.0,6921.0,138678.0,137647.0,20802.0,0,2,1,1342,13321,1070,16641.0
89,2023-04-15,Saturday,All,68800.0,66251.0,52085.0,54528.0,6271.0,7143.0,6380.0,6690.0,133536.0,140612.0,20030.0,4,3,2,1274,11579,659,16024.0
90,2023-04-17,Monday,All,82666.0,84550.0,60514.0,65124.0,8494.0,9608.0,7364.0,7033.0,159038.0,162394.0,23856.0,2,2,1,956,10220,816,19085.0
91,2023-04-18,Tuesday,All,92601.0,91126.0,69080.0,65556.0,9316.0,8717.0,8261.0,7081.0,179258.0,170455.0,26889.0,3,0,1,1054,12191,1195,21511.0
92,2023-04-19,Wednesday,All,91302.0,97014.0,69213.0,64097.0,10196.0,11040.0,7334.0,6685.0,178045.0,171432.0,26707.0,1,0,2,1090,10807,779,21365.0
93,2023-04-20,Thursday,All,79686.0,66175.0,53617.0,43915.0,7547.0,6841.0,6344.0,7305.0,147194.0,142192.0,22079.0,4,3,1,948,11419,580,17663.0
94,2023-04-21,Friday,All,60265.0,55305.0,50385.0,49186.0,6927.0,8571.0,6347.0,6403.0,123924.0,118795.0,18589.0,3,4,2,1053,12007,699,14871.0
95,2023-04-22,Saturday,All,61226.0,56532.0,52149.0,49532.0,7599.0,6579.0,5311.0,5649.0,126285.0,125743.0,18943.0,3,1,1,1008,12891,1169,15154.0
96,2023-04-24,Monday,All,74714.0,60792.0,55278.0,48298.0,7932.0,9128.0,6655.0,6459.0,144579.0,148267.0,21687.0,2,1,0,1216,11112,1031,17349.0
97,2023-04-25,Tuesday,All,89006.0,83224.0,68413.0,70452.0,8421.0,7830.0,8221.0,7726.0,174061.0,181592.0,26109.0,3,1,0,1254,11522,1066,20887.0
98,2023-04-26,Wednesday,All,94594.0,89103.0,66925.0,64900.0,9408.0,11220.0,7773.0,9031.0,178700.0,180549.0,26805.0,2,1,2,859,10271,677,21444.0
99,2023-04-27,Thursday,All,76383.0,75176.0,57109.0,52268.0,8744.0,9276.0,6392.0,6251.0,148628.0,145954.0,22294.0,1,1,1,1079,11536,1087,17835.0
100,2023-04-28,Friday,All,65502.0,72180.0,49773.0,47277.0,6605.0,5691.0,5681.0,5348.0,127561.0,115068.0,19134.0,2,2,1,1394,12320,775,15307.0
101,2023-04-29,Saturday,All,72212.0,70742.0,43360.0,48181.0,6422.0,5952.0,5260.0,6082.0,127254.0,127678.0,19088.0,1,3,2,1321,12467,1056,15270.0
102,2023-05-01,Monday,All,78580.0,72395.0,61848.0,64561.0,8610.0,9313.0,6635.0,6093.0,155673.0,155828.0,23351.0,4,3,1,1276,11172,1116,18681.0
103,2023-05-02,Tuesday,All,95946.0,95604.0,72659.0,72074.0,10028.0,10975.0,7914.0,7468.0,186547.0,187645.0,27982.0,3,4,1,1240,10243,645,22386.0
104,2023-05-03,Wednesday,All,89261.0,95556.0,69644.0,72430.0,10468.0,10404.0,8565.0,8573.0,177938.0,190575.0,26691.0,3,1,2,802,12309,1156,21353.0
105,2023-05-04,Thursday,All,79183.0,73327.0,52563.0,47339.0,8557.0,8597.0,6889.0,6889.0,147192.0,154636.0,22079.0,3,2,0,1384,12621,942,17663.0
106,2023-05-05,Friday,All,63215.0,57752.0,46624.0,46770.0,7186.0,7869.0,5617.0,5812.0,122642.0,127352.0,18396.0,2,1,0,1241,10340,1011,14717.0
107,2023-05-06,Saturday,All,65659.0,69010.0,53312.0,53975.0,6489.0,6608.0,6005.0,7574.0,131465.0,125693.0,19720.0,4,0,2,1333,12019,1029,15776.0
108,2023-05-08,Monday,All,83367.0,82038.0,51671.0,49557.0,8549.0,7385.0,6934.0,7186.0,150521.0,147443.0,22578.0,1,1,0,1345,10380,617,18063.0
109,2023-05-09,Tuesday,All,86087.0,89972.0,69355.0,71315.0,9553.0,8821.0,8165.0,6381.0,173160.0,172591.0,25974.0,2,1,2,952,11812,1021,20779.0
110,2023-05-10,Wednesday,All,94734.0,94652.0,66858.0,63346.0,9377.0,9589.0,8540.0,8785.0,179509.0,174857.0,26926.0,0,2,0,808,12563,649,21541.0
111,2023-05-11,Thursday,All,80956.0,85166.0,62419.0,64713.0,9030.0,10124.0,7340.0,7368.0,159745.0,162748.0,23962.0,1,0,0,1195,12877,690,19169.0
112,2023-05-12,Friday,All,64639.0,58429.0,47588.0,50071.0,6403.0,7857.0,5633.0,5666.0,124263.0,126404.0,18639.0,2,3,2,1075,12855,581,14912.0
113,2023-05-13,Saturday,All,61231.0,61158.0,50825.0,37698.0,6757.0,7459.0,5747.0,5931.0,124560.0,118030.0,18684.0,2,4,1,812,13033,626,14947.0
114,2023-05-15,Monday,All,80294.0,79030.0,61702.0,67058.0,8080.0,8339.0,6615.0,6593.0,156691.0,163872.0,23504.0,4,4,2,962,10964,1185,18803.0
115,2023-05-16,Tuesday,All,90878.0,83583.0,75907.0,62193.0,9386.0,10060.0,7874.0,7835.0,184045.0,184659.0,27607.0,3,0,1,1394,13385,729,22085.0
116,2023-05-17,Wednesday,All,93927.0,84546.0,69789.0,67017.0,9744.0,9144.0,8689.0,9149.0,182149.0,171775.0,27322.0,2,0,0,1018,11398,770,21858.0
117,2023-05-18,Thursday,All,80093.0,84207.0,61134.0,65748.0,8867.0,8729.0,7228.0,6821.0,157322.0,157014.0,23598.0,2,4,2,956,11499,835,18879.0
118,2023-05-19,Friday,All,73423.0,71317.0,45158.0,43730.0,6607.0,5865.0,5935.0,5224.0,131123.0,132810.0,19668.0,3,4,0,1192,13150,999,15735.0
119,2023-05-20,Saturday,All,66058.0,59924.0,53185.0,46587.0,5247.0,4123.0,5847.0,8115.0,130337.0,136174.0,19551.0,3,2,0,1198,11308,901,15640.0
120,2023-05-22,Monday,All,75912.0,75335.0,57724.0,52802.0,7877.0,8177.0,7029.0,6492.0,148542.0,146517.0,22281.0,1,1,2,999,10299,875,17825.0
121,2023-05-23,Tuesday,All,93714.0,100482.0,68716.0,73337.0,10807.0,10974.0,8653.0,8728.0,181890.0,186858.0,27284.0,2,2,0,1309,12857,1085,21827.0
122,2023-05-24,Wednesday,All,93876.0,80192.0,70332.0,61685.0,9610.0,10229.0,8773.0,7651.0,182591.0,183714.0,27389.0,2,2,1,1148,12648,847,21911.0
123,2023-05-25,Thursday,All,85443.0,76463.0,55317.0,60397.0,6926.0,7418.0,7462.0,7549.0,155148.0,147258.0,23272.0,0,4,1,896,12327,1038,18618.0
124,2023-05-26,Friday,All,70356.0,64819.0,50300.0,50052.0,7410.0,7628.0,5657.0,4957.0,133723.0,125232.0,20058.0,4,2,2,994,10573,1137,16047.0
125,2023-05-27,Saturday,All,68443.0,77210.0,52516.0,47150.0,6684.0,7185.0,6401.0,6069.0,134044.0,140779.0,20107.0,2,0,0,1308,12527,973,16085.0
126,2023-05-29,Monday,All,85860.0,87556.0,60885.0,58261.0,7964.0,7926.0,7121.0,7905.0,161830.0,169006.0,24274.0,1,3,0,853,10793,524,19420.0
127,2023-05-30,Tuesday,All,88242.0,92846.0,65632.0,61054.0,9516.0,9888.0,8622.0,8976.0,172012.0,173949.0,25802.0,3,3,1,807,12222,684,20641.0
128,2023-05-31,Wednesday,All,90438.0,83597.0,70027.0,73925.0,10388.0,9734.0,8446.0,8872.0,179299.0,188273.0,26895.0,3,1,1,1193,12031,932,21516.0
129,2023-06-01,Thursday,All,76300.0,69583.0,62233.0,65529.0,7681.0,8014.0,7130.0,5802.0,153344.0,159684.0,23002.0,4,0,2,1065,13090,835,18401.0
130,2023-06-02,Friday,All,65457.0,68144.0,43980.0,36244.0,6963.0,7565.0,5340.0,6718.0,121740.0,125842.0,18261.0,0,0,1,951,13906,699,14609.0
131,2023-06-03,Saturday,All,61509.0,61859.0,46390.0,44574.0,6600.0,5997.0,6058.0,5164.0,120557.0,115089.0,18084.0,2,4,0,1083,10760,734,14467.0
132,2023-06-05,Monday,All,82547.0,85839.0,62636.0,58752.0,8153.0,8200.0,8429.0,9575.0,161765.0,172154.0,24265.0,0,2,2,910,10458,554,19412.0
133,2023-06-06,Tuesday,All,92108.0,90982.0,71209.0,77030.0,9826.0,9265.0,8118.0,8884.0,181261.0,184479.0,27189.0,2,2,1,1024,12222,664,21751.0
134,2023-06-07,Wednesday,All,87114.0,88783.0,71635.0,65560.0,9634.0,9160.0,8341.0,8774.0,176724.0,174409.0,26509.0,2,4,2,940,13807,1047,21207.0
135,2023-06-08,Thursday,All,75944.0,76893.0,65585.0,72804.0,8634.0,7622.0,6784.0,6143.0,156947.0,152937.0,23542.0,2,0,2,1151,10632,507,18834.0
136,2023-06-09,Friday,All,68270.0,72937.0,51020.0,50870.0,5756.0,6895.0,5464.0,5578.0,130510.0,132051.0,19576.0,4,1,0,1204,11949,1085,15661.0
137,2023-06-10,Saturday,All,70369.0,75211.0,51588.0,46359.0,5302.0,6261.0,6480.0,6127.0,133739.0,123713.0,20061.0,2,4,1,1348,11629,737,16049.0
138,2023-06-12,Monday,All,87994.0,78275.0,68139.0,65091.0,8376.0,8860.0,6670.0,6692.0,171179.0,175377.0,25677.0,2,2,1,840,11272,1065,20541.0
139,2023-06-13,Tuesday,All,104653.0,91169.0,69758.0,66151.0,10118.0,11893.0,8069.0,7882.0,192598.0,186877.0,28890.0,0,0,1,996,12655,679,23112.0
140,2023-06-14,Wednesday,All,94655.0,100665.0,68006.0,62270.0,10027.0,9857.0,7512.0,5983.0,180200.0,182424.0,27030.0,1,3,0,958,11181,1080,21624.0
141,2023-06-15,Thursday,All,76049.0,83175.0,61290.0,61717.0,8252.0,10981.0,6628.0,7469.0,152219.0,149089.0,22833.0,4,0,1,1147,11972,900,18266.0
142,2023-06-16,Friday,All,58489.0,52365.0,50932.0,45406.0,6083.0,5878.0,4854.0,4793.0,120358.0,118771.0,18054.0,2,3,1,1119,13381,1096,14443.0
143,2023-06-17,Saturday,All,68088.0,56929.0,48035.0,38223.0,6748.0,6978.0,6024.0,5660.0,128895.0,124354.0,19334.0,4,3,0,1326,11518,543,15467.0
144,2023-06-19,Monday,All,76755.0,77349.0,56910.0,55201.0,7980.0,7622.0,8407.0,7987.0,150052.0,149085.0,22508.0,2,4,0,1351,10084,1058,18006.0
145,2023-06-20,Tuesday,All,91336.0,96921.0,77329.0,69216.0,9447.0,9782.0,8123.0,8392.0,186235.0,197571.0,27935.0,2,2,0,1263,13539,689,22348.0
146,2023-06-21,Wednesday,All,90549.0,101335.0,71380.0,67995.0,9552.0,10304.0,7473.0,6803.0,178954.0,187264.0,26843.0,2,1,2,919,11098,751,21474.0
147,2023-06-22,Thursday,All,79444.0,82542.0,57810.0,53719.0,9220.0,9117.0,7457.0,5766.0,153931.0,156058.0,23090.0,2,4,2,824,13091,531,18472.0
148,2023-06-23,Friday,All,71281.0,69051.0,52363.0,48443.0,5234.0,6833.0,5345.0,5650.0,134223.0,134071.0,20133.0,0,2,1,1339,13051,1167,16107.0
149,2023-06-24,Saturday,All,67645.0,62286.0,49288.0,58292.0,6575.0,6790.0,6358.0,6747.0,129866.0,134931.0,19480.0,0,3,1,1365,12105,948,15584.0
150,2023-06-26,Monday,All,79373.0,79442.0,59249.0,59503.0,7000.0,7243.0,6866.0,6716.0,152488.0,159268.0,22873.0,2,0,0,950,10351,1186,18299.0
151,2023-06-27,Tuesday,All,88855.0,87059.0,72087.0,73191.0,9675.0,8857.0,7991.0,7130.0,178608.0,173629.0,26791.0,2,3,0,827,13800,897,21433.0
152,2023-06-28,Wednesday,All,86299.0,80209.0,66524.0,58530.0,9479.0,9856.0,8218.0,8285.0,170520.0,170055.0,25578.0,2,2,2,1208,12723,610,20462.0
153,2023-06-29,Thursday,All,78062.0,90355.0,61066.0,58123.0,6757.0,6636.0,7387.0,6289.0,153272.0,142340.0,22991.0,2,1,0,1153,11697,736,18393.0
154,2023-06-30,Friday,All,66802.0,77513.0,55354.0,56323.0,6509.0,5962.0,5595.0,4825.0,134260.0,140999.0,20139.0,1,3,0,1333,13415,807,16111.0
155,2023-07-01,Saturday,All,74089.0,80905.0,51014.0,46404.0,6048.0,5349.0,5460.0,4897.0,136611.0,149001.0,20492.0,3,0,2,1145,13152,603,16393.0
156,2023-07-03,Monday,All,80529.0,75004.0,58879.0,62965.0,6748.0,9153.0,6908.0,7541.0,153064.0,153544.0,22960.0,3,3,1,1256,13041,1152,18368.0
157,2023-07-04,Tuesday,All,96929.0,102059.0,68879.0,63467.0,10244.0,10007.0,7671.0,7399.0,183723.0,170973.0,27558.0,0,4,0,1271,10671,1170,22047.0
158,2023-07-05,Wednesday,All,91001.0,94839.0,69169.0,67880.0,10601.0,9290.0,8505.0,8169.0,179276.0,182929.0,26891.0,2,2,1,805,12531,894,21513.0
159,2023-07-06,Thursday,All,75268.0,77923.0,59246.0,56609.0,8902.0,8274.0,6115.0,7581.0,149531.0,144106.0,22430.0,3,0,2,889,11143,909,17944.0
160,2023-07-07,Friday,All,63157.0,70655.0,48482.0,49221.0,6491.0,6445.0,5487.0,5751.0,123617.0,119637.0,18543.0,3,2,1,1268,10313,992,14834.0
161,2023-07-08,Saturday,All,64117.0,67929.0,52365.0,49483.0,6304.0,6796.0,6089.0,6343.0,128875.0,132634.0,19331.0,1,2,1,907,11352,975,15465.0
162,2023-07-10,Monday,All,88522.0,92962.0,54808.0,53589.0,8805.0,9304.0,7160.0,6883.0,159295.0,160822.0,23894.0,4,2,1,923,10416,543,19115.0
163,2023-07-11,Tuesday,All,89713.0,93534.0,72986.0,71923.0,10750.0,11359.0,8602.0,8155.0,182051.0,179122.0,27308.0,3,1,1,1251,10423,871,21846.0
164,2023-07-12,Wednesday,All,96353.0,98398.0,69261.0,65956.0,10420.0,9840.0,8275.0,6635.0,184309.0,180411.0,27646.0,2,3,2,922,12908,1043,22117.0
165,2023-07-13,Thursday,All,76397.0,65695.0,61139.0,63322.0,7443.0,7749.0,7593.0,8320.0,152572.0,153327.0,22886.0,3,1,0,889,12007,1064,18309.0
166,2023-07-14,Friday,All,70744.0,71246.0,46235.0,47308.0,6397.0,5609.0,6172.0,6508.0,129548.0,127091.0,19432.0,4,2,0,808,11591,917,15546.0
167,2023-07-15,Saturday,All,68558.0,65221.0,53602.0,53203.0,6540.0,5982.0,5932.0,5798.0,134632.0,127977.0,20195.0,1,2,0,1081,10769,1127,16156.0
168,2023-07-17,Monday,All,79382.0,71703.0,63745.0,61808.0,6923.0,6097.0,7472.0,7369.0,157522.0,155527.0,23628.0,0,3,1,1182,13083,910,18903.0
169,2023-07-18,Tuesday,All,92836.0,102927.0,73280.0,76864.0,10022.0,8952.0,8683.0,9235.0,184821.0,186859.0,27723.0,2,3,1,1238,12536,767,22179.0
170,2023-07-19,Wednesday,All,90380.0,100754.0,65857.0,64796.0,11104.0,12062.0,8088.0,6922.0,175429.0,174360.0,26314.0,0,4,1,1343,12342,809,21051.0
171,2023-07-20,Thursday,All,81793.0,89948.0,62496.0,61116.0,8393.0,9013.0,6337.0,5895.0,159019.0,150538.0,23853.0,4,3,2,1190,10760,983,19082.0
172,2023-07-21,Friday,All,65198.0,66729.0,50831.0,51302.0,7161.0,8040.0,5920.0,5068.0,129110.0,135044.0,19366.0,4,3,1,1253,10494,1120,15493.0
173,2023-07-22,Saturday,All,62116.0,70220.0,44801.0,52436.0,6386.0,6421.0,5983.0,7312.0,119286.0,102853.0,17893.0,3,4,0,926,10494,660,14314.0
174,2023-07-24,Monday,All,74897.0,74969.0,59936.0,53904.0,7965.0,8664.0,7554.0,8211.0,150352.0,147674.0,22553.0,4,1,1,1004,10100,705,18042.0
175,2023-07-25,Tuesday,All,93689.0,94906.0,71495.0,74959.0,9970.0,8385.0,7840.0,6188.0,182994.0,179273.0,27449.0,0,1,1,982,13876,956,21959.0
176,2023-07-26,Wednesday,All,99316.0,92755.0,72069.0,63550.0,9251.0,10028.0,7855.0,6720.0,188491.0,189380.0,28274.0,3,2,1,839,11470,1034,22619.0
177,2023-07-27,Thursday,All,80649.0,83031.0,60541.0,61519.0,7431.0,7590.0,7239.0,7140.0,155860.0,159230.0,23379.0,2,2,1,1381,12632,779,18703.0
178,2023-07-28,Friday,All,66544.0,66906.0,50490.0,57578.0,7037.0,7601.0,5674.0,5320.0,129745.0,136506.0,19462.0,1,3,2,944,13928,950,15569.0
179,2023-07-29,Saturday,All,68162.0,60346.0,54037.0,56236.0,7100.0,7442.0,4767.0,3774.0,134066.0,129792.0,20110.0,1,0,0,1069,13745,504,16088.0
180,2023-07-31,Monday,All,85233.0,84926.0,63687.0,64455.0,7414.0,6526.0,7197.0,8656.0,163531.0,167050.0,24530.0,2,0,0,1014,11282,704,19624.0
181,2023-08-01,Tuesday,All,93877.0,93399.0,61800.0,59278.0,10322.0,8974.0,7382.0,7616.0,173381.0,174556.0,26007.0,3,3,1,826,11959,1168,20806.0
182,2023-08-02,Wednesday,All,91356.0,102141.0,69449.0,69589.0,9689.0,9048.0,7836.0,8192.0,178330.0,168061.0,26750.0,0,4,0,1342,11852,903,21400.0
183,2023-08-03,Thursday,All,84434.0,89799.0,59515.0,58381.0,8213.0,8721.0,7685.0,7166.0,159847.0,171250.0,23977.0,3,1,0,931,10133,1107,19182.0
184,2023-08-04,Friday,All,68734.0,68803.0,44361.0,40824.0,6553.0,7174.0,6623.0,7165.0,126271.0,117638.0,18941.0,4,1,1,860,13073,652,15153.0
185,2023-08-05,Saturday,All,73162.0,74655.0,49899.0,48595.0,6874.0,5643.0,5102.0,4817.0,135037.0,137554.0,20256.0,0,2,1,1005,12297,703,16204.0
186,2023-08-07,Monday,All,80742.0,81007.0,63756.0,64649.0,8059.0,7176.0,6845.0,6632.0,159402.0,161742.0,23910.0,4,2,1,886,11485,1182,19128.0
187,2023-08-08,Tuesday,All,88102.0,86885.0,67142.0,63690.0,10587.0,9936.0,8330.0,8788.0,174161.0,175815.0,26124.0,3,0,0,1399,12233,1198,20899.0
188,2023-08-09,Wednesday,All,87527.0,81032.0,71411.0,67783.0,9927.0,9605.0,9199.0,7977.0,178064.0,175097.0,26710.0,1,2,2,913,12941,1113,21368.0
189,2023-08-10,Thursday,All,86613.0,85707.0,57262.0,51141.0,8384.0,7158.0,6763.0,7961.0,159022.0,163986.0,23853.0,3,4,1,981,10059,721,19083.0
190,2023-08-11,Friday,All,73914.0,69437.0,47601.0,49359.0,5777.0,4497.0,5472.0,5609.0,132764.0,123402.0,19915.0,3,3,0,962,12584,1061,15932.0
191,2023-08-12,Saturday,All,66301.0,58799.0,54049.0,56503.0,7573.0,6833.0,6485.0,7446.0,134408.0,134013.0,20161.0,3,4,0,815,13444,821,16129.0
192,2023-08-14,Monday,All,78477.0,81544.0,58382.0,59424.0,8291.0,8369.0,6822.0,6015.0,151972.0,148589.0,22796.0,0,3,0,807,12905,1090,18237.0
193,2023-08-15,Tuesday,All,98846.0,101194.0,71789.0,76132.0,10169.0,9106.0,8670.0,7978.0,189474.0,185410.0,28421.0,0,4,1,1107,12479,1095,22737.0
194,2023-08-16,Wednesday,All,88572.0,77852.0,64788.0,65183.0,8777.0,8673.0,7570.0,6699.0,169707.0,172279.0,25456.0,3,1,1,939,10362,804,20365.0
195,2023-08-17,Thursday,All,76431.0,75695.0,65597.0,67361.0,7516.0,8469.0,6924.0,7112.0,156468.0,162933.0,23470.0,1,0,1,850,12978,713,18776.0
196,2023-08-18,Friday,All,69593.0,75567.0,51425.0,52792.0,7020.0,5848.0,4881.0,4930.0,132919.0,130859.0,19938.0,1,0,1,974,13002,1182,15950.0
197,2023-08-19,Saturday,All,65441.0,71796.0,49070.0,48658.0,6450.0,6264.0,5183.0,4835.0,126144.0,130828.0,18922.0,2,4,2,964,11975,815,15137.0
198,2023-08-21,Monday,All,79989.0,86144.0,61737.0,59348.0,6862.0,7784.0,7430.0,6669.0,156018.0,156316.0,23403.0,3,3,2,1054,12330,802,18722.0
199,2023-08-22,Tuesday,All,92347.0,92580.0,66173.0,76137.0,10365.0,9989.0,8284.0,7334.0,177169.0,171813.0,26575.0,0,1,1,1395,12473,965,21260.0
200,2023-08-23,Wednesday,All,94351.0,89281.0,73950.0,71916.0,9416.0,8900.0,8149.0,8113.0,185866.0,184318.0,27880.0,4,4,2,984,10484,1155,22304.0
201,2023-08-24,Thursday,All,85640.0,79138.0,59038.0,56042.0,8857.0,9904.0,6636.0,6287.0,160171.0,158374.0,24026.0,2,1,2,1222,11029,591,19221.0
202,2023-08-25,Friday,All,67382.0,69450.0,49006.0,50959.0,6225.0,5949.0,5601.0,5087.0,128214.0,124034.0,19232.0,0,2,2,1261,13169,1189,15386.0
203,2023-08-26,Saturday,All,69596.0,71872.0,48143.0,49276.0,6401.0,7395.0,5862.0,7022.0,130002.0,132573.0,19500.0,0,1,0,830,13895,795,15600.0
204,2023-08-28,Monday,All,71810.0,79534.0,58268.0,51946.0,8718.0,9104.0,7502.0,7440.0,146298.0,147706.0,21945.0,4,0,1,1100,11080,517,17556.0
205,2023-08-29,Tuesday,All,92806.0,99406.0,72487.0,77539.0,9204.0,8895.0,6997.0,7950.0,181494.0,171950.0,27224.0,0,1,1,1069,11602,716,21779.0
206,2023-08-30,Wednesday,All,89628.0,88835.0,71170.0,70746.0,9147.0,9579.0,7893.0,7493.0,177838.0,167929.0,26676.0,2,1,0,1104,13661,823,21341.0
207,2023-08-31,Thursday,All,75135.0,67670.0,61966.0,56967.0,7892.0,8180.0,7090.0,7274.0,152083.0,154631.0,22812.0,3,2,0,902,10649,973,18250.0
208,2023-09-01,Friday,All,63507.0,61592.0,49592.0,54942.0,6775.0,7694.0,5662.0,5620.0,125536.0,120644.0,18830.0,2,0,1,1079,11044,896,15064.0
209,2023-09-02,Saturday,All,65684.0,66987.0,51158.0,53974.0,5480.0,4986.0,5913.0,4640.0,128235.0,130047.0,19235.0,1,1,1,873,10223,595,15388.0
210,2023-09-04,Monday,All,83674.0,82462.0,58754.0,53064.0,7010.0,7047.0,7144.0,8215.0,156582.0,161268.0,23487.0,0,2,2,1367,10939,841,18790.0
211,2023-09-05,Tuesday,All,87695.0,84228.0,77092.0,85089.0,10237.0,10182.0,8157.0,8056.0,183181.0,175555.0,27477.0,3,1,2,1152,12544,662,21982.0
212,2023-09-06,Wednesday,All,93124.0,94641.0,65699.0,68664.0,9381.0,10015.0,8046.0,8606.0,176250.0,167781.0,26438.0,2,3,0,820,11392,688,21150.0
213,2023-09-07,Thursday,All,78074.0,75050.0,63793.0,63747.0,7775.0,6852.0,6888.0,6324.0,156530.0,166577.0,23480.0,0,3,2,1103,13933,997,18784.0
214,2023-09-08,Friday,All,65710.0,61942.0,53722.0,60878.0,5165.0,6080.0,6286.0,6162.0,130883.0,132992.0,19632.0,0,4,1,1355,13566,1062,15706.0
215,2023-09-09,Saturday,All,71031.0,72900.0,47062.0,47779.0,5871.0,6291.0,5346.0,4696.0,129310.0,126795.0,19396.0,2,4,1,1245,13583,609,15517.0
216,2023-09-11,Monday,All,82163.0,79751.0,66699.0,66573.0,8006.0,6821.0,6979.0,7906.0,163847.0,158243.0,24577.0,0,1,2,963,12905,921,19662.0
217,2023-09-12,Tuesday,All,98351.0,99816.0,73390.0,70419.0,10301.0,11388.0,8402.0,8636.0,190444.0,187381.0,28567.0,1,3,1,1335,12808,795,22853.0
218,2023-09-13,Wednesday,All,92383.0,94022.0,73317.0,75935.0,9280.0,11291.0,9090.0,9365.0,184070.0,176927.0,27610.0,0,3,0,911,12038,735,22088.0
219,2023-09-14,Thursday,All,77227.0,70390.0,60095.0,62240.0,9005.0,9907.0,6861.0,7880.0,153188.0,158488.0,22978.0,3,2,0,948,13962,999,18383.0
220,2023-09-15,Friday,All,66125.0,63238.0,48967.0,49033.0,5868.0,7152.0,6191.0,7058.0,127151.0,122490.0,19073.0,3,3,1,892,10381,674,15258.0
221,2023-09-16,Saturday,All,67991.0,76618.0,48991.0,45436.0,5869.0,5946.0,6328.0,6902.0,129179.0,135740.0,19377.0,3,0,0,1353,12891,1035,15501.0
222,2023-09-18,Monday,All,80717.0,73745.0,61183.0,61768.0,8934.0,7439.0,6979.0,5913.0,157813.0,155409.0,23672.0,0,1,0,1230,10561,780,18938.0
223,2023-09-19,Tuesday,All,88664.0,75964.0,74607.0,74293.0,9870.0,8210.0,8205.0,7683.0,181346.0,175086.0,27202.0,1,4,2,1110,11357,566,21762.0
224,2023-09-20,Wednesday,All,93364.0,82193.0,70947.0,64946.0,9412.0,9642.0,8146.0,7393.0,181869.0,179311.0,27280.0,1,4,0,1200,11022,1054,21824.0
225,2023-09-21,Thursday,All,80924.0,81099.0,57277.0,50654.0,7918.0,7385.0,6883.0,7429.0,153002.0,137257.0,22950.0,3,0,0,955,12404,1096,18360.0
226,2023-09-22,Friday,All,77091.0,77277.0,52092.0,54635.0,7091.0,6268.0,6139.0,6267.0,142413.0,141688.0,21362.0,4,2,1,842,13148,894,17090.0
227,2023-09-23,Saturday,All,74528.0,73822.0,52382.0,40674.0,7159.0,7103.0,5828.0,4785.0,139897.0,138876.0,20985.0,1,1,0,1307,10319,1006,16788.0
228,2023-09-25,Monday,All,76598.0,83883.0,61975.0,62899.0,7521.0,8075.0,7129.0,6987.0,153223.0,158171.0,22983.0,3,0,0,1378,12406,603,18387.0
229,2023-09-26,Tuesday,All,91852.0,75815.0,72640.0,70489.0,9718.0,8411.0,7748.0,6627.0,181958.0,170640.0,27294.0,2,0,2,821,10886,737,21835.0
230,2023-09-27,Wednesday,All,87148.0,89524.0,69591.0,75478.0,9798.0,9394.0,7827.0,7787.0,174364.0,181335.0,26155.0,4,2,1,831,10307,744,20924.0
231,2023-09-28,Thursday,All,77649.0,87018.0,57225.0,55004.0,7420.0,8779.0,8083.0,6841.0,150377.0,155301.0,22557.0,0,3,2,1135,11670,1034,18045.0
232,2023-09-29,Friday,All,68284.0,61517.0,47015.0,49983.0,6246.0,5278.0,5624.0,6021.0,127169.0,134681.0,19075.0,4,2,1,825,12325,746,15260.0
233,2023-09-30,Saturday,All,71845.0,69566.0,44713.0,42927.0,6283.0,7066.0,5325.0,5608.0,128166.0,127850.0,19225.0,2,1,1,1232,10807,1009,15380.0
234,2023-10-02,Monday,All,77095.0,72578.0,60723.0,61235.0,8696.0,8260.0,7727.0,9158.0,154241.0,160324.0,23136.0,1,3,0,1367,11559,714,18509.0
235,2023-10-03,Tuesday,All,90386.0,85020.0,70154.0,73470.0,10468.0,10959.0,8452.0,9088.0,179460.0,170633.0,26919.0,0,3,1,967,13814,920,21535.0
236,2023-10-04,Wednesday,All,84413.0,82455.0,69084.0,67002.0,9546.0,10534.0,8600.0,8283.0,171643.0,175921.0,25746.0,4,4,0,976,11387,646,20597.0
237,2023-10-05,Thursday,All,79361.0,87926.0,51145.0,55629.0,7883.0,8550.0,6943.0,7557.0,145332.0,140705.0,21800.0,4,1,2,1318,13982,890,17440.0
238,2023-10-06,Friday,All,62772.0,73796.0,45878.0,41406.0,6678.0,7496.0,5554.0,4506.0,120882.0,110974.0,18132.0,0,1,0,1013,13336,556,14506.0
239,2023-10-07,Saturday,All,64904.0,62888.0,52982.0,54308.0,5929.0,4893.0,5628.0,4906.0,129443.0,122698.0,19416.0,2,2,0,944,11483,1014,15533.0
240,2023-10-09,Monday,All,76505.0,87935.0,58018.0,62170.0,8365.0,9367.0,6321.0,6571.0,149209.0,149242.0,22381.0,3,2,1,850,12307,520,17905.0
241,2023-10-10,Tuesday,All,92625.0,92838.0,71486.0,74456.0,9691.0,8924.0,8267.0,6648.0,182069.0,177123.0,27310.0,2,2,1,1303,12836,1199,21848.0
242,2023-10-11,Wednesday,All,85972.0,96494.0,66232.0,74856.0,9163.0,9397.0,8459.0,8431.0,169826.0,172082.0,25474.0,0,4,0,1355,11858,1087,20379.0
243,2023-10-12,Thursday,All,74144.0,73584.0,64328.0,60893.0,7438.0,7670.0,7937.0,7172.0,153847.0,142998.0,23077.0,1,0,1,847,11631,904,18462.0
244,2023-10-13,Friday,All,75539.0,76325.0,49188.0,42982.0,7148.0,7585.0,5756.0,5832.0,137631.0,124868.0,20645.0,1,2,0,1281,11318,1136,16516.0
245,2023-10-14,Saturday,All,61872.0,64065.0,50490.0,46015.0,6186.0,6489.0,4546.0,3738.0,123094.0,131328.0,18464.0,1,2,2,895,10558,1066,14771.0
246,2023-10-16,Monday,All,75625.0,94698.0,66990.0,69962.0,8997.0,8238.0,6965.0,7283.0,158577.0,164000.0,23787.0,4,1,1,883,10099,599,19029.0
247,2023-10-17,Tuesday,All,100350.0,105458.0,74954.0,77195.0,9436.0,8221.0,9681.0,9695.0,194421.0,188125.0,29163.0,1,3,2,1028,11347,1020,23331.0
248,2023-10-18,Wednesday,All,104623.0,100379.0,69485.0,69945.0,9919.0,10704.0,8745.0,9795.0,192772.0,192754.0,28916.0,3,4,2,1062,13182,764,23133.0
249,2023-10-19,Thursday,All,75326.0,81140.0,58233.0,53180.0,9448.0,9615.0,6607.0,6612.0,149614.0,155731.0,22442.0,4,2,1,1312,10933,1099,17954.0
250,2023-10-20,Friday,All,65549.0,63378.0,48644.0,52095.0,5646.0,6680.0,6009.0,5433.0,125848.0,128363.0,18877.0,3,0,2,1219,10718,1104,15102.0
251,2023-10-21,Saturday,All,68388.0,65449.0,51150.0,45639.0,5142.0,5102.0,5343.0,5158.0,130023.0,130912.0,19503.0,3,0,0,886,11312,1168,15603.0
252,2023-10-23,Monday,All,86927.0,92379.0,59697.0,64912.0,8785.0,7520.0,6336.0,5328.0,161745.0,168316.0,24262.0,0,2,2,1150,12395,815,19409.0
253,2023-10-24,Tuesday,All,89056.0,89243.0,69219.0,82077.0,9249.0,10119.0,8138.0,8443.0,175662.0,171278.0,26349.0,0,3,1,1325,10860,635,21079.0
254,2023-10-25,Wednesday,All,92022.0,93693.0,74807.0,76456.0,9732.0,9399.0,8358.0,8800.0,184919.0,185106.0,27738.0,3,1,2,1197,10881,587,22190.0
255,2023-10-26,Thursday,All,83122.0,83206.0,59670.0,62294.0,7661.0,7969.0,6077.0,7929.0,156530.0,156423.0,23480.0,3,1,0,937,10449,615,18784.0
256,2023-10-27,Friday,All,68761.0,70780.0,56519.0,54301.0,6442.0,5859.0,5139.0,4673.0,136861.0,135224.0,20529.0,3,4,0,877,11328,1194,16423.0
257,2023-10-28,Saturday,All,65518.0,68068.0,49893.0,41747.0,5710.0,7190.0,5719.0,5518.0,126840.0,124501.0,19026.0,2,0,2,1071,10869,910,15221.0
258,2023-10-30,Monday,All,79478.0,67856.0,65369.0,62657.0,7905.0,7116.0,6809.0,6377.0,159561.0,159998.0,23934.0,2,0,1,1083,13324,746,19147.0
259,2023-10-31,Tuesday,All,87504.0,91503.0,71477.0,66559.0,10015.0,9711.0,8509.0,8668.0,177505.0,177711.0,26626.0,0,0,0,1011,13623,814,21301.0
260,2023-11-01,Wednesday,All,92051.0,86159.0,73294.0,66782.0,9140.0,9237.0,7705.0,7991.0,182190.0,175899.0,27328.0,1,4,1,865,11482,621,21863.0
261,2023-11-02,Thursday,All,78948.0,70294.0,57839.0,65590.0,7593.0,6610.0,7370.0,7330.0,151750.0,156561.0,22762.0,2,2,0,870,10340,899,18210.0
262,2023-11-03,Friday,All,67951.0,67601.0,47060.0,48288.0,6073.0,6370.0,5122.0,5937.0,126206.0,120348.0,18931.0,0,0,1,1117,10349,797,15145.0
263,2023-11-04,Saturday,All,64801.0,65305.0,51000.0,52709.0,5424.0,6875.0,6535.0,6072.0,127760.0,126451.0,19164.0,0,1,2,1366,11299,1058,15331.0
264,2023-11-06,Monday,All,81899.0,77738.0,62979.0,61588.0,7760.0,7319.0,6155.0,6895.0,158793.0,157021.0,23819.0,0,4,2,1158,11853,514,19055.0
265,2023-11-07,Tuesday,All,97054.0,102040.0,70526.0,69748.0,9817.0,10173.0,7766.0,8170.0,185163.0,187312.0,27774.0,1,3,1,1062,12113,1152,22220.0
266,2023-11-08,Wednesday,All,93625.0,85572.0,66546.0,70886.0,9506.0,7032.0,8521.0,8512.0,178198.0,165483.0,26730.0,4,1,1,1358,11216,542,21384.0
267,2023-11-09,Thursday,All,81420.0,78978.0,55933.0,55787.0,7851.0,7816.0,7845.0,7609.0,153049.0,158394.0,22957.0,3,1,2,1214,11418,792,18366.0
268,2023-11-10,Friday,All,67236.0,63727.0,45340.0,47728.0,6269.0,5987.0,5872.0,7692.0,124717.0,120655.0,18708.0,4,0,0,1230,11134,738,14966.0
269,2023-11-11,Saturday,All,67023.0,66743.0,44318.0,43436.0,5888.0,5151.0,5996.0,5383.0,123225.0,130545.0,18484.0,1,3,0,1145,12070,1002,14787.0
270,2023-11-13,Monday,All,77127.0,78800.0,60342.0,58802.0,8428.0,9401.0,7022.0,7245.0,152919.0,150050.0,22938.0,2,0,0,1257,12787,960,18350.0
271,2023-11-14,Tuesday,All,94270.0,88223.0,73781.0,67450.0,10607.0,10313.0,7799.0,7236.0,186457.0,186164.0,27969.0,4,1,2,1101,10173,637,22375.0
272,2023-11-15,Wednesday,All,92615.0,96961.0,70366.0,61466.0,9467.0,9307.0,8068.0,9407.0,180516.0,191999.0,27077.0,1,1,1,1173,11914,843,21662.0
273,2023-11-16,Thursday,All,88386.0,88764.0,53232.0,52055.0,8305.0,7966.0,6408.0,7073.0,156331.0,154667.0,23450.0,3,3,0,1169,12594,874,18760.0
274,2023-11-17,Friday,All,73317.0,61965.0,49049.0,49303.0,6138.0,4413.0,5075.0,4566.0,133579.0,141012.0,20037.0,3,3,0,1251,12690,824,16029.0
275,2023-11-18,Saturday,All,68567.0,56815.0,49133.0,43345.0,6501.0,5482.0,5916.0,6300.0,130117.0,130351.0,19518.0,4,3,0,1339,12253,515,15614.0
276,2023-11-20,Monday,All,76962.0,76888.0,66302.0,66147.0,8953.0,9818.0,6452.0,6645.0,158669.0,161162.0,23800.0,4,1,2,976,12100,624,19040.0
277,2023-11-21,Tuesday,All,88555.0,87229.0,66035.0,66277.0,10051.0,8152.0,8473.0,8086.0,173114.0,173534.0,25967.0,3,1,1,1219,12723,852,20774.0
278,2023-11-22,Wednesday,All,97769.0,97148.0,69234.0,59532.0,8682.0,7992.0,7662.0,8231.0,183347.0,188434.0,27502.0,2,1,0,818,11513,682,22002.0
279,2023-11-23,Thursday,All,81065.0,80897.0,65132.0,61014.0,8286.0,7926.0,7162.0,7454.0,161645.0,157532.0,24247.0,4,0,0,1119,12269,881,19397.0
280,2023-11-24,Friday,All,68944.0,70297.0,50972.0,52805.0,7022.0,8591.0,5471.0,5633.0,132409.0,126505.0,19861.0,3,3,1,1339,11277,614,15889.0
281,2023-11-25,Saturday,All,60045.0,65731.0,51312.0,53054.0,6149.0,6841.0,6418.0,6387.0,123924.0,120093.0,18589.0,1,2,1,1187,11751,1014,14871.0
282,2023-11-27,Monday,All,83724.0,77057.0,60358.0,55166.0,8611.0,8110.0,7176.0,7499.0,159869.0,160467.0,23980.0,3,2,2,960,10496,631,19184.0
283,2023-11-28,Tuesday,All,94822.0,87790.0,71396.0,72109.0,9332.0,10506.0,8931.0,9103.0,184481.0,183156.0,27672.0,2,4,0,1163,11400,954,22138.0
284,2023-11-29,Wednesday,All,88563.0,82003.0,72739.0,77340.0,8855.0,8189.0,7935.0,7979.0,178092.0,182354.0,26714.0,1,0,0,1014,10568,1085,21371.0
285,2023-11-30,Thursday,All,78128.0,79862.0,57586.0,61083.0,8099.0,9007.0,7042.0,6561.0,150855.0,158683.0,22628.0,2,4,0,1059,10905,750,18103.0
286,2023-12-01,Friday,All,68079.0,75549.0,52256.0,51827.0,5228.0,4005.0,5225.0,6495.0,130788.0,124933.0,19618.0,3,3,1,936,11677,597,15695.0
287,2023-12-02,Saturday,All,67234.0,64646.0,45503.0,43397.0,6138.0,7104.0,5509.0,4721.0,124384.0,119980.0,18658.0,4,1,2,1174,12000,504,14926.0
288,2023-12-04,Monday,All,78846.0,63836.0,61000.0,58168.0,8787.0,8421.0,6883.0,7204.0,155516.0,146899.0,23327.0,2,3,1,919,13767,752,18662.0
289,2023-12-05,Tuesday,All,92591.0,82367.0,70943.0,73048.0,8601.0,7675.0,7951.0,7711.0,180086.0,192268.0,27013.0,0,3,0,1066,10104,580,21610.0
290,2023-12-06,Wednesday,All,91997.0,86999.0,68558.0,69436.0,8979.0,8784.0,7706.0,9026.0,177240.0,179068.0,26586.0,4,1,1,1363,13594,1117,21269.0
291,2023-12-07,Thursday,All,80625.0,77279.0,59946.0,62778.0,7395.0,7645.0,6308.0,5630.0,154274.0,157153.0,23141.0,2,1,1,1254,11312,1181,18513.0
292,2023-12-08,Friday,All,72910.0,70460.0,47755.0,48348.0,6245.0,5800.0,4546.0,3995.0,131456.0,123415.0,19718.0,1,4,0,1048,12896,1186,15775.0
293,2023-12-09,Saturday,All,56758.0,56989.0,46407.0,50091.0,6063.0,6562.0,5187.0,4460.0,114415.0,114408.0,17162.0,3,0,2,1381,12711,1145,13730.0
294,2023-12-11,Monday,All,79067.0,77197.0,58954.0,59380.0,8854.0,8329.0,7328.0,7571.0,154203.0,157258.0,23130.0,1,0,1,808,13883,910,18504.0
295,2023-12-12,Tuesday,All,93711.0,100007.0,67095.0,70626.0,10319.0,10877.0,7515.0,6485.0,178640.0,177123.0,26796.0,1,3,0,1375,10434,727,21437.0
296,2023-12-13,Wednesday,All,94189.0,90133.0,71375.0,75294.0,10044.0,10442.0,7630.0,7271.0,183238.0,189692.0,27486.0,4,4,1,1011,13868,812,21989.0
297,2023-12-14,Thursday,All,78527.0,73353.0,56565.0,52945.0,8102.0,8047.0,7910.0,6296.0,151104.0,164975.0,22666.0,4,2,2,1292,10251,681,18132.0
298,2023-12-15,Friday,All,59998.0,62871.0,51759.0,43622.0,6519.0,6122.0,5398.0,5578.0,123674.0,117992.0,18551.0,2,0,2,1368,13509,1088,14841.0
299,2023-12-16,Saturday,All,68337.0,59123.0,46078.0,53024.0,5766.0,5902.0,5876.0,5501.0,126057.0,119924.0,18909.0,1,2,0,1161,12608,805,15127.0
300,2023-12-18,Monday,All,86924.0,89262.0,58316.0,59471.0,8529.0,9024.0,7336.0,6220.0,161105.0,155838.0,24166.0,4,1,2,1166,11927,769,19333.0
301,2023-12-19,Tuesday,All,86870.0,87485.0,68534.0,60819.0,9080.0,10936.0,8645.0,9459.0,173129.0,182766.0,25969.0,0,4,1,1249,11591,982,20775.0
302,2023-12-20,Wednesday,All,96461.0,95576.0,74383.0,71171.0,10248.0,11093.0,7553.0,6572.0,188645.0,194899.0,28297.0,3,3,1,943,10374,761,22637.0
303,2023-12-21,Thursday,All,78701.0,88231.0,61006.0,64479.0,8727.0,9605.0,6900.0,7498.0,155334.0,154521.0,23300.0,2,1,0,906,13207,749,18640.0
304,2023-12-22,Friday,All,66780.0,63047.0,48988.0,47729.0,6410.0,9190.0,4907.0,4381.0,127085.0,127304.0,19063.0,4,3,2,1006,12911,659,15250.0
305,2023-12-23,Saturday,All,62813.0,75175.0,51119.0,48815.0,6177.0,6641.0,6939.0,8140.0,127048.0,122149.0,19057.0,2,3,2,1087,13749,547,15246.0
306,2023-12-25,Monday,All,78677.0,77324.0,53694.0,59998.0,8255.0,8691.0,6218.0,6780.0,146844.0,152184.0,22027.0,4,3,0,1245,12921,526,17621.0
307,2023-12-26,Tuesday,All,98206.0,90544.0,70278.0,65565.0,8030.0,8664.0,7790.0,7034.0,184304.0,182025.0,27646.0,0,1,1,954,13828,781,22116.0
308,2023-12-27,Wednesday,All,95336.0,95756.0,76400.0,72808.0,9929.0,9021.0,7794.0,7106.0,189459.0,187899.0,28419.0,3,2,2,1138,13547,1196,22735.0
309,2023-12-28,Thursday,All,86945.0,80488.0,60412.0,61363.0,7947.0,7547.0,6267.0,6721.0,161571.0,165224.0,24236.0,0,0,1,802,11702,682,19389.0
310,2023-12-29,Friday,All,71735.0,67224.0,49827.0,51584.0,6253.0,5797.0,6393.0,6196.0,134208.0,133080.0,20131.0,3,2,0,818,12814,948,16105.0
311,2023-12-30,Saturday,All,68782.0,71164.0,51268.0,53502.0,6707.0,7290.0,6928.0,6801.0,133685.0,132275.0,20053.0,0,1,2,1380,11057,727,16042.0
312,2024-01-01,Monday,All,86991.0,90324.0,62702.0,66803.0,7971.0,7814.0,6778.0,7732.0,164442.0,164505.0,24666.0,4,2,0,1310,13180,711,19733.0
313,2024-01-02,Tuesday,All,94762.0,91029.0,64416.0,65310.0,9064.0,9188.0,7654.0,7092.0,175896.0,180668.0,26384.0,3,4,1,1318,12434,614,21108.0
314,2024-01-03,Wednesday,All,96318.0,102242.0,65361.0,67563.0,9663.0,10642.0,7196.0,7264.0,178538.0,188417.0,26781.0,0,4,1,997,11761,894,21425.0
315,2024-01-04,Thursday,All,78829.0,85774.0,60647.0,59481.0,8056.0,8833.0,6894.0,7610.0,154426.0,157939.0,23164.0,4,2,2,1108,12512,961,18531.0
316,2024-01-05,Friday,All,67292.0,75910.0,47479.0,47761.0,6353.0,6207.0,5559.0,6166.0,126683.0,131503.0,19002.0,1,3,1,1204,11108,745,15202.0
317,2024-01-06,Saturday,All,64236.0,67412.0,53560.0,54044.0,6381.0,5778.0,5391.0,5271.0,129568.0,128369.0,19435.0,2,0,2,952,12489,868,15548.0
318,2024-01-08,Monday,All,83974.0,92155.0,59070.0,60038.0,8640.0,9662.0,7127.0,6910.0,158811.0,154564.0,23822.0,0,2,2,1246,11899,833,19057.0
319,2024-01-09,Tuesday,All,88293.0,77008.0,64605.0,68081.0,9096.0,9793.0,8513.0,7209.0,170507.0,174431.0,25576.0,0,3,2,1215,11287,689,20461.0
320,2024-01-10,Wednesday,All,96136.0,94229.0,66604.0,69102.0,9853.0,8407.0,8477.0,7685.0,181070.0,182097.0,27160.0,1,3,2,1044,13902,984,21728.0
321,2024-01-11,Thursday,All,79253.0,74051.0,51767.0,51966.0,8790.0,8508.0,6858.0,7097.0,146668.0,138132.0,22000.0,2,4,2,1060,10255,887,17600.0
322,2024-01-12,Friday,All,71711.0,72426.0,48921.0,45280.0,5243.0,5392.0,5166.0,5063.0,131041.0,129073.0,19656.0,2,2,2,984,13030,546,15725.0
323,2024-01-13,Saturday,All,70029.0,66600.0,49059.0,49364.0,6392.0,7093.0,6050.0,6106.0,131530.0,131033.0,19730.0,4,4,2,1282,10840,844,15784.0
324,2024-01-15,Monday,All,87299.0,86302.0,58743.0,58617.0,7665.0,8484.0,7022.0,7801.0,160729.0,157666.0,24109.0,0,4,1,1392,10890,772,19287.0
325,2024-01-16,Tuesday,All,95930.0,107223.0,73645.0,74514.0,9526.0,9782.0,8759.0,7869.0,187860.0,196750.0,28179.0,3,2,0,1399,10617,1057,22543.0
326,2024-01-17,Wednesday,All,86719.0,85701.0,74004.0,83933.0,9205.0,9732.0,8710.0,8533.0,178638.0,181517.0,26796.0,0,0,0,1262,10409,714,21437.0
327,2024-01-18,Thursday,All,79749.0,82232.0,59505.0,57148.0,7915.0,7973.0,6305.0,6447.0,153474.0,161713.0,23021.0,1,1,2,1009,10495,1169,18417.0
328,2024-01-19,Friday,All,62338.0,60944.0,43220.0,45120.0,7389.0,6783.0,5000.0,4472.0,117947.0,119528.0,17692.0,0,3,0,1268,13330,930,14154.0
329,2024-01-20,Saturday,All,64953.0,65407.0,51476.0,56284.0,5526.0,5291.0,5340.0,6414.0,127295.0,127783.0,19094.0,0,2,2,946,13705,591,15275.0
330,2024-01-22,Monday,All,86061.0,86097.0,61683.0,62124.0,7315.0,7332.0,6488.0,7169.0,161547.0,155927.0,24232.0,2,4,2,1337,12339,782,19386.0
331,2024-01-23,Tuesday,All,95557.0,98247.0,71337.0,81857.0,8967.0,8936.0,8693.0,8911.0,184554.0,184626.0,27683.0,4,4,1,960,10055,1118,22146.0
332,2024-01-24,Wednesday,All,90211.0,97203.0,73353.0,71652.0,10785.0,9088.0,8491.0,9837.0,182840.0,182918.0,27426.0,3,0,2,1041,13457,678,21941.0
333,2024-01-25,Thursday,All,75962.0,85846.0,56522.0,57980.0,7739.0,7381.0,7566.0,6442.0,147789.0,139586.0,22168.0,4,4,0,856,12407,993,17735.0
334,2024-01-26,Friday,All,67157.0,69015.0,55651.0,52056.0,6269.0,6320.0,5916.0,5910.0,134993.0,131756.0,20249.0,2,1,1,848,12083,1048,16199.0
335,2024-01-27,Saturday,All,62160.0,65697.0,46746.0,45164.0,6043.0,5790.0,5822.0,6097.0,120771.0,118831.0,18116.0,0,4,2,1036,13789,984,14493.0
336,2024-01-29,Monday,All,77332.0,70427.0,62264.0,63384.0,7450.0,7228.0,7617.0,6931.0,154663.0,157144.0,23199.0,1,2,2,1130,11639,563,18560.0
337,2024-01-30,Tuesday,All,94255.0,93728.0,65347.0,69155.0,9608.0,10047.0,8551.0,8777.0,177761.0,180529.0,26664.0,4,2,0,810,11440,762,21331.0
338,2024-01-31,Wednesday,All,97629.0,103271.0,67618.0,69054.0,11224.0,10253.0,8350.0,7520.0,184821.0,181333.0,27723.0,0,0,2,1307,13119,743,22179.0
339,2024-02-01,Thursday,All,82452.0,87648.0,64566.0,70232.0,8852.0,7387.0,7757.0,8275.0,163627.0,166440.0,24544.0,0,0,1,868,12108,740,19635.0
340,2024-02-02,Friday,All,57861.0,59131.0,48842.0,48415.0,5773.0,5460.0,5776.0,6569.0,118252.0,117160.0,17738.0,4,2,2,1399,12867,1115,14190.0
341,2024-02-03,Saturday,All,68244.0,73562.0,52145.0,50650.0,6674.0,7362.0,5566.0,5770.0,132629.0,115411.0,19894.0,0,2,1,963,12783,503,15915.0
342,2024-02-05,Monday,All,80305.0,83250.0,60728.0,72896.0,7518.0,9037.0,6598.0,5208.0,155149.0,152241.0,23272.0,4,2,1,1027,13357,877,18618.0
343,2024-02-06,Tuesday,All,94663.0,101865.0,70095.0,71869.0,8683.0,9387.0,8668.0,7943.0,182109.0,188583.0,27316.0,3,0,0,895,11268,1187,21853.0
344,2024-02-07,Wednesday,All,99472.0,101208.0,74501.0,71263.0,10361.0,9040.0,8935.0,9359.0,193269.0,183178.0,28990.0,3,2,1,1294,10288,1112,23192.0
345,2024-02-08,Thursday,All,71764.0,69630.0,59307.0,56183.0,8713.0,8504.0,6992.0,7008.0,146776.0,147452.0,22016.0,2,0,2,1239,11910,924,17613.0
346,2024-02-09,Friday,All,64663.0,66678.0,44283.0,40041.0,6913.0,7144.0,6372.0,4351.0,122231.0,131743.0,18335.0,0,0,2,847,12590,1198,14668.0
347,2024-02-10,Saturday,All,69391.0,51807.0,47215.0,51430.0,6003.0,6163.0,4733.0,5665.0,127342.0,122778.0,19101.0,2,2,0,863,13268,781,15281.0
348,2024-02-12,Monday,All,73691.0,75988.0,61671.0,60031.0,7917.0,8402.0,6990.0,7092.0,150269.0,150282.0,22540.0,4,3,0,1165,11068,927,18032.0
349,2024-02-13,Tuesday,All,98912.0,77022.0,71596.0,72169.0,10199.0,9374.0,8296.0,7682.0,189003.0,181179.0,28350.0,4,3,2,1319,12981,880,22680.0
350,2024-02-14,Wednesday,All,94481.0,84140.0,65709.0,65423.0,9984.0,10042.0,7953.0,8699.0,178127.0,187890.0,26719.0,2,4,1,865,13328,533,21375.0
351,2024-02-15,Thursday,All,83404.0,86115.0,57845.0,61137.0,7781.0,8159.0,8209.0,7701.0,157239.0,156739.0,23586.0,4,4,2,932,13233,528,18869.0
352,2024-02-16,Friday,All,64743.0,67608.0,47880.0,44070.0,5314.0,6057.0,5685.0,5169.0,123622.0,123902.0,18543.0,3,1,0,1127,13232,1127,14835.0
353,2024-02-17,Saturday,All,70282.0,63307.0,48529.0,43689.0,6354.0,5629.0,5515.0,5784.0,130680.0,138806.0,19602.0,0,3,1,865,13949,621,15682.0
354,2024-02-19,Monday,All,84292.0,80019.0,55890.0,56899.0,8665.0,8354.0,7031.0,8367.0,155878.0,159847.0,23382.0,3,0,0,982,12644,748,18705.0
355,2024-02-20,Tuesday,All,93940.0,102163.0,68525.0,71229.0,9031.0,6598.0,7315.0,8533.0,178811.0,173557.0,26822.0,3,4,2,806,11481,936,21457.0
356,2024-02-21,Wednesday,All,93946.0,91042.0,68224.0,69720.0,10133.0,9574.0,7937.0,8207.0,180240.0,176356.0,27036.0,2,1,2,1099,11745,902,21629.0
357,2024-02-22,Thursday,All,81099.0,94557.0,62332.0,58689.0,8217.0,7745.0,7509.0,7856.0,159157.0,162127.0,23874.0,3,3,0,1229,12988,859,19099.0
358,2024-02-23,Friday,All,63574.0,63562.0,52053.0,55102.0,6736.0,5818.0,5404.0,5998.0,127767.0,124022.0,19165.0,4,4,0,1047,10946,1185,15332.0
359,2024-02-24,Saturday,All,66437.0,68885.0,49188.0,45841.0,6809.0,6958.0,5304.0,4361.0,127738.0,115035.0,19161.0,2,3,2,953,12411,1050,15329.0
360,2024-02-26,Monday,All,79408.0,89109.0,58842.0,56495.0,7601.0,7551.0,7673.0,8156.0,153524.0,153205.0,23029.0,1,4,0,1054,12290,1159,18423.0
361,2024-02-27,Tuesday,All,94542.0,95328.0,70830.0,66582.0,8780.0,6747.0,8987.0,8436.0,183139.0,174258.0,27471.0,4,0,2,1105,12666,961,21977.0
362,2024-02-28,Wednesday,All,97008.0,90994.0,67961.0,73816.0,9430.0,9624.0,8576.0,8815.0,182975.0,192673.0,27446.0,4,0,2,899,11685,1185,21957.0
363,2024-02-29,Thursday,All,75784.0,75126.0,56578.0,59428.0,8552.0,7717.0,6791.0,6620.0,147705.0,148766.0,22156.0,3,3,0,866,12959,921,17725.0
364,2024-03-01,Friday,All,66528.0,66314.0,46805.0,49527.0,5961.0,6398.0,5599.0,5975.0,124893.0,119462.0,18734.0,3,2,0,909,10285,879,14987.0
365,2024-03-02,Saturday,All,72954.0,64766.0,47722.0,53334.0,5870.0,4716.0,5317.0,5406.0,131863.0,127671.0,19779.0,0,0,2,1391,12998,1070,15824.0
366,2024-03-04,Monday,All,77044.0,75509.0,56528.0,69185.0,6925.0,6952.0,6521.0,4216.0,147018.0,135682.0,22053.0,2,3,0,1233,13247,1108,17642.0
367,2024-03-05,Tuesday,All,89720.0,85267.0,70897.0,63205.0,10802.0,10547.0,7795.0,7929.0,179214.0,172617.0,26882.0,0,0,1,875,13542,547,21506.0
368,2024-03-06,Wednesday,All,93818.0,99364.0,72600.0,69277.0,10246.0,10519.0,8008.0,8490.0,184672.0,190770.0,27701.0,2,4,0,980,13691,1137,22161.0
369,2024-03-07,Thursday,All,83396.0,83604.0,55257.0,52484.0,8480.0,8592.0,6501.0,6835.0,153634.0,167025.0,23045.0,4,0,1,1047,11397,983,18436.0
370,2024-03-08,Friday,All,67074.0,65377.0,49702.0,45873.0,6867.0,6637.0,4938.0,4861.0,128581.0,132939.0,19287.0,1,2,1,908,10185,1128,15430.0
371,2024-03-09,Saturday,All,72344.0,71707.0,48966.0,44117.0,6633.0,5250.0,5829.0,7061.0,133772.0,133220.0,20066.0,4,4,2,1310,12613,1000,16053.0
372,2024-03-11,Monday,All,83446.0,84785.0,61043.0,59695.0,7872.0,6543.0,7136.0,7370.0,159497.0,156905.0,23925.0,0,2,2,1364,10360,1148,19140.0
373,2024-03-12,Tuesday,All,96376.0,100077.0,70372.0,64897.0,9652.0,9127.0,9168.0,9496.0,185568.0,179829.0,27835.0,0,3,1,946,11121,692,22268.0
374,2024-03-13,Wednesday,All,95226.0,89228.0,66050.0,67558.0,9494.0,9487.0,7984.0,8767.0,178754.0,191113.0,26813.0,4,3,1,809,12809,631,21450.0
375,2024-03-14,Thursday,All,89329.0,83079.0,56232.0,56465.0,9600.0,9053.0,7167.0,7439.0,162328.0,161196.0,24349.0,0,4,1,960,12378,636,19479.0
376,2024-03-15,Friday,All,66208.0,72836.0,49715.0,51880.0,6620.0,7183.0,5876.0,5202.0,128419.0,141113.0,19263.0,3,2,2,1149,12426,676,15410.0
377,2024-03-16,Saturday,All,59014.0,56540.0,52713.0,54998.0,6009.0,5758.0,5593.0,3764.0,123329.0,131690.0,18499.0,3,4,0,1285,13004,649,14799.0
378,2024-03-18,Monday,All,86436.0,77935.0,53376.0,56090.0,8298.0,7429.0,7391.0,7033.0,155501.0,145056.0,23325.0,1,2,0,1003,10658,809,18660.0
379,2024-03-19,Tuesday,All,91179.0,93842.0,71448.0,69768.0,9144.0,8894.0,8706.0,9277.0,180477.0,176481.0,27072.0,0,4,1,964,13164,638,21657.0
380,2024-03-20,Wednesday,All,93441.0,96221.0,73980.0,83525.0,10654.0,10857.0,8482.0,8217.0,186557.0,182543.0,27984.0,1,3,2,949,12346,610,22387.0
381,2024-03-21,Thursday,All,85257.0,76073.0,59560.0,60615.0,7622.0,7914.0,6891.0,7492.0,159330.0,158851.0,23900.0,0,0,2,801,11680,866,19120.0
382,2024-03-22,Friday,All,60620.0,61997.0,51277.0,42896.0,6588.0,8279.0,5541.0,5653.0,124026.0,123664.0,18604.0,3,3,0,808,11854,1055,14883.0
383,2024-03-23,Saturday,All,62022.0,66435.0,47518.0,43007.0,6927.0,6325.0,5036.0,6002.0,121503.0,139480.0,18225.0,4,4,0,1056,12034,594,14580.0
384,2024-03-25,Monday,All,73614.0,75860.0,59661.0,51829.0,8250.0,8184.0,6616.0,6395.0,148141.0,141678.0,22221.0,4,0,1,1170,12201,857,17777.0
385,2024-03-26,Tuesday,All,89833.0,93625.0,65549.0,65627.0,9808.0,10192.0,8007.0,8358.0,173197.0,174571.0,25980.0,4,4,1,807,11335,961,20784.0
386,2024-03-27,Wednesday,All,94768.0,86342.0,63379.0,62831.0,9758.0,9737.0,7756.0,8135.0,175661.0,179360.0,26349.0,3,0,1,920,10892,993,21079.0
387,2024-03-28,Thursday,All,82116.0,84102.0,62848.0,60740.0,7985.0,7534.0,7239.0,8365.0,160188.0,160179.0,24028.0,4,4,0,1345,10676,573,19223.0
388,2024-03-29,Friday,All,68134.0,66318.0,46672.0,55721.0,5941.0,4547.0,6319.0,5039.0,127066.0,127727.0,19060.0,3,3,2,1394,11362,1013,15248.0
389,2024-03-30,Saturday,All,61378.0,58481.0,48261.0,50731.0,6018.0,5558.0,5266.0,4922.0,120923.0,114654.0,18138.0,3,0,2,1185,11042,518,14511.0
390,2024-04-01,Monday,All,70779.0,76002.0,55860.0,59127.0,8907.0,7941.0,7161.0,7797.0,142707.0,143346.0,21406.0,4,3,2,1113,12064,665,17125.0
391,2024-04-02,Tuesday,All,93227.0,102103.0,66182.0,61992.0,9686.0,8132.0,7802.0,8961.0,176897.0,179965.0,26535.0,1,0,1,1149,13648,723,21228.0
392,2024-04-03,Wednesday,All,91123.0,101889.0,69890.0,65394.0,9280.0,8564.0,8166.0,8346.0,178459.0,180425.0,26769.0,2,2,0,1022,10432,1097,21415.0
393,2024-04-04,Thursday,All,81857.0,89746.0,57831.0,57997.0,7710.0,6768.0,6674.0,6454.0,154072.0,157493.0,23111.0,4,4,1,920,11235,634,18489.0
394,2024-04-05,Friday,All,69837.0,69179.0,50761.0,51540.0,6948.0,7473.0,6022.0,6590.0,133568.0,142044.0,20035.0,1,1,0,1025,10196,1047,16028.0
395,2024-04-06,Saturday,All,67582.0,69698.0,50985.0,42632.0,6693.0,7234.0,5381.0,6033.0,130641.0,136263.0,19596.0,1,0,0,1219,13899,1192,15677.0
396,2024-04-08,Monday,All,83060.0,87661.0,60982.0,60171.0,8356.0,7543.0,7526.0,7256.0,159924.0,160352.0,23989.0,0,2,1,1197,12803,1171,19191.0
397,2024-04-09,Tuesday,All,93927.0,94654.0,71128.0,71191.0,9597.0,9363.0,8196.0,8444.0,182848.0,175817.0,27427.0,1,1,1,1206,10965,712,21942.0
398,2024-04-10,Wednesday,All,95131.0,95916.0,75146.0,74178.0,10096.0,8424.0,7994.0,8879.0,188367.0,184767.0,28255.0,2,0,0,1165,11656,566,22604.0
399,2024-04-11,Thursday,All,77201.0,82144.0,56817.0,53157.0,7634.0,7189.0,6393.0,7811.0,148045.0,146727.0,22207.0,4,2,2,836,12892,655,17765.0
400,2024-04-12,Friday,All,66311.0,65955.0,49463.0,47035.0,6132.0,6491.0,5848.0,6405.0,127754.0,129268.0,19163.0,0,1,0,1175,13830,1038,15330.0
401,2024-04-13,Saturday,All,67817.0,63441.0,53026.0,52230.0,6870.0,7612.0,6169.0,6202.0,133882.0,131012.0,20082.0,3,0,1,1328,12295,637,16066.0
402,2024-04-15,Monday,All,83302.0,80815.0,63814.0,64223.0,8545.0,7903.0,7157.0,7116.0,162818.0,157204.0,24423.0,3,1,1,1189,11083,951,19538.0
403,2024-04-16,Tuesday,All,91436.0,95239.0,66147.0,68869.0,9163.0,10110.0,9439.0,9857.0,176185.0,169056.0,26428.0,4,0,1,1147,12787,761,21142.0
404,2024-04-17,Wednesday,All,95095.0,95113.0,69475.0,74339.0,9239.0,7875.0,9034.0,8947.0,182843.0,172936.0,27426.0,3,4,2,934,12742,1036,21941.0
405,2024-04-18,Thursday,All,78957.0,80998.0,64095.0,62770.0,8085.0,6962.0,6866.0,7008.0,158003.0,156593.0,23700.0,0,4,2,1275,12575,924,18960.0
406,2024-04-19,Friday,All,66560.0,70580.0,51152.0,49099.0,7324.0,7963.0,5562.0,4769.0,130598.0,121780.0,19590.0,2,1,2,1070,10183,909,15672.0
407,2024-04-20,Saturday,All,70348.0,68099.0,50214.0,52183.0,5139.0,6643.0,5956.0,6929.0,131657.0,125654.0,19749.0,4,4,1,957,12826,1047,15799.0
408,2024-04-22,Monday,All,72048.0,76585.0,59367.0,62116.0,8187.0,8631.0,6601.0,5746.0,146203.0,143840.0,21930.0,4,2,0,1093,10078,1168,17544.0
409,2024-04-23,Tuesday,All,87825.0,90098.0,69261.0,67307.0,8927.0,8891.0,8903.0,8579.0,174916.0,166900.0,26237.0,3,4,1,873,13622,755,20990.0
410,2024-04-24,Wednesday,All,87082.0,79673.0,71277.0,74834.0,9372.0,7396.0,8500.0,8573.0,176231.0,178510.0,26435.0,4,0,1,1355,13527,870,21148.0
411,2024-04-25,Thursday,All,70686.0,79340.0,59263.0,63671.0,7802.0,5982.0,7149.0,8642.0,144900.0,149341.0,21735.0,3,1,1,1221,12253,938,17388.0
412,2024-04-26,Friday,All,64317.0,61313.0,49501.0,55314.0,6036.0,6152.0,6065.0,5748.0,125919.0,122622.0,18888.0,0,3,1,995,12584,1076,15110.0
413,2024-04-27,Saturday,All,70028.0,60097.0,49864.0,57866.0,5968.0,5646.0,6583.0,6083.0,132443.0,129821.0,19866.0,4,1,0,1276,10271,837,15893.0
414,2024-04-29,Monday,All,78881.0,72611.0,57986.0,54087.0,8025.0,7030.0,7106.0,6693.0,151998.0,155223.0,22800.0,0,4,1,832,13497,762,18240.0
415,2024-04-30,Tuesday,All,93802.0,87676.0,72009.0,72072.0,9432.0,9491.0,8263.0,9507.0,183506.0,179222.0,27526.0,1,2,2,1031,11083,1092,22021.0
416,2024-05-01,Wednesday,All,97368.0,97681.0,79156.0,79207.0,8875.0,8979.0,9074.0,6965.0,194473.0,189777.0,29171.0,1,2,1,1190,11048,1167,23337.0
417,2024-05-02,Thursday,All,85332.0,83689.0,54690.0,54249.0,8489.0,9339.0,7505.0,6753.0,156016.0,163195.0,23402.0,3,2,2,814,12832,898,18722.0
418,2024-05-03,Friday,All,66754.0,64733.0,50601.0,47679.0,6741.0,6864.0,5561.0,7609.0,129657.0,134962.0,19449.0,0,3,2,1225,13755,572,15559.0
419,2024-05-04,Saturday,All,72445.0,76163.0,47348.0,40663.0,6795.0,7901.0,5725.0,6168.0,132313.0,135922.0,19847.0,3,0,2,1290,11976,702,15878.0
420,2024-05-06,Monday,All,80390.0,82429.0,61753.0,62170.0,7097.0,7104.0,7119.0,6290.0,156359.0,161913.0,23454.0,4,3,0,1156,12030,824,18763.0
421,2024-05-07,Tuesday,All,89662.0,91558.0,70553.0,67095.0,9932.0,9828.0,8501.0,8470.0,178648.0,166784.0,26797.0,3,3,2,923,12194,992,21438.0
422,2024-05-08,Wednesday,All,90634.0,93093.0,72699.0,73086.0,10159.0,11117.0,7642.0,7693.0,181134.0,189257.0,27170.0,1,4,1,1249,11164,968,21736.0
423,2024-05-09,Thursday,All,74099.0,77796.0,63548.0,59975.0,7402.0,6521.0,6250.0,6885.0,151299.0,153651.0,22695.0,4,4,1,1003,12386,1074,18156.0
424,2024-05-10,Friday,All,63478.0,50830.0,50206.0,45258.0,6295.0,8828.0,5278.0,6658.0,125257.0,131322.0,18789.0,1,3,1,1241,13843,520,15031.0
425,2024-05-11,Saturday,All,65599.0,63412.0,53025.0,54079.0,6219.0,6557.0,5240.0,5531.0,130083.0,132406.0,19512.0,3,2,0,1176,11530,825,15610.0
426,2024-05-13,Monday,All,83236.0,70155.0,52988.0,53667.0,9127.0,9470.0,6699.0,6294.0,152050.0,152344.0,22808.0,2,2,2,856,13092,990,18246.0
427,2024-05-14,Tuesday,All,99895.0,100111.0,75185.0,77792.0,10908.0,11381.0,8638.0,9228.0,194626.0,192974.0,29194.0,0,1,1,859,13095,1191,23355.0
428,2024-05-15,Wednesday,All,87483.0,87455.0,71539.0,81375.0,8755.0,10444.0,8236.0,7712.0,176013.0,178216.0,26402.0,0,4,2,809,13403,599,21122.0
429,2024-05-16,Thursday,All,81593.0,87866.0,63255.0,64503.0,9518.0,10231.0,7120.0,6345.0,161486.0,159616.0,24223.0,0,1,2,843,12894,1115,19378.0
430,2024-05-17,Friday,All,62869.0,69995.0,45970.0,48153.0,5740.0,4295.0,5110.0,3790.0,119689.0,124896.0,17953.0,4,2,1,979,13685,505,14363.0
431,2024-05-18,Saturday,All,68930.0,70147.0,47137.0,42288.0,6878.0,8141.0,5492.0,4318.0,128437.0,118918.0,19266.0,4,0,2,815,12857,637,15412.0
432,2024-05-20,Monday,All,79497.0,76495.0,60459.0,54668.0,8604.0,8297.0,7315.0,6643.0,155875.0,152626.0,23381.0,2,1,1,1363,13904,1092,18705.0
433,2024-05-21,Tuesday,All,85688.0,88599.0,70363.0,77486.0,9156.0,9252.0,8618.0,7735.0,173825.0,186094.0,26074.0,4,1,1,1349,12861,1050,20859.0
434,2024-05-22,Wednesday,All,96725.0,93557.0,71263.0,67107.0,10050.0,8899.0,7958.0,8193.0,185996.0,182240.0,27899.0,0,2,2,903,13347,1180,22320.0
435,2024-05-23,Thursday,All,77602.0,77594.0,63275.0,58577.0,7957.0,8431.0,7103.0,6203.0,155937.0,154505.0,23391.0,4,2,2,986,13561,920,18712.0
436,2024-05-24,Friday,All,64896.0,70813.0,44334.0,44158.0,6622.0,6036.0,6822.0,4464.0,122674.0,117379.0,18401.0,1,3,2,1245,13933,931,14721.0
437,2024-05-25,Saturday,All,62752.0,59405.0,52551.0,52145.0,6428.0,6518.0,5714.0,4931.0,127445.0,129460.0,19117.0,0,2,2,1196,12381,874,15293.0
438,2024-05-27,Monday,All,77405.0,82239.0,60047.0,55986.0,8740.0,8484.0,6675.0,6321.0,152867.0,148449.0,22930.0,3,0,1,1148,12840,858,18344.0
439,2024-05-28,Tuesday,All,94724.0,98788.0,69803.0,68431.0,9799.0,11532.0,8234.0,7780.0,182560.0,181446.0,27384.0,1,2,2,1393,13868,859,21907.0
440,2024-05-29,Wednesday,All,92255.0,86526.0,66001.0,71533.0,9653.0,11437.0,8367.0,9507.0,176276.0,181369.0,26441.0,1,0,0,1177,11520,704,21153.0
441,2024-05-30,Thursday,All,81337.0,87180.0,61531.0,57904.0,8680.0,8722.0,6946.0,6486.0,158494.0,154301.0,23774.0,3,4,2,1201,10476,1097,19019.0
442,2024-05-31,Friday,All,68479.0,72670.0,42387.0,36115.0,6638.0,6696.0,5707.0,6368.0,123211.0,127943.0,18482.0,1,3,1,1101,13537,749,14785.0
443,2024-06-01,Saturday,All,72314.0,72926.0,51575.0,55817.0,6729.0,6393.0,5001.0,4987.0,135619.0,140552.0,20343.0,3,1,1,1115,12527,927,16274.0
444,2024-06-03,Monday,All,78651.0,74077.0,55546.0,57761.0,7623.0,8618.0,6541.0,6509.0,148361.0,154691.0,22254.0,0,1,2,974,11713,968,17803.0
445,2024-06-04,Tuesday,All,87105.0,81950.0,70575.0,67783.0,9127.0,8831.0,8247.0,7620.0,175054.0,175897.0,26258.0,0,0,0,1112,12867,876,21006.0
446,2024-06-05,Wednesday,All,97282.0,94056.0,70057.0,62937.0,9414.0,9035.0,8239.0,8195.0,184992.0,204440.0,27749.0,1,1,2,1350,10130,928,22199.0
447,2024-06-06,Thursday,All,78696.0,81952.0,63531.0,60180.0,7650.0,8531.0,6739.0,6165.0,156616.0,162943.0,23492.0,3,0,1,1026,11908,534,18794.0
448,2024-06-07,Friday,All,71490.0,65756.0,49094.0,48848.0,6762.0,6278.0,5635.0,5763.0,132981.0,134930.0,19947.0,1,4,1,879,11061,721,15958.0
449,2024-06-08,Saturday,All,68566.0,71191.0,47548.0,52794.0,6876.0,6842.0,5754.0,5577.0,128744.0,123488.0,19312.0,0,0,0,1159,11152,813,15449.0
450,2024-06-10,Monday,All,79498.0,72047.0,58503.0,53838.0,7929.0,6506.0,7467.0,6759.0,153397.0,152815.0,23010.0,3,3,1,1271,13877,775,18408.0
451,2024-06-11,Tuesday,All,94408.0,93184.0,74234.0,73854.0,10613.0,11247.0,8272.0,9016.0,187527.0,196085.0,28129.0,2,2,2,1375,12200,1135,22503.0
452,2024-06-12,Wednesday,All,100817.0,101475.0,72024.0,75062.0,10576.0,12323.0,8521.0,8841.0,191938.0,202195.0,28791.0,2,1,0,1125,10561,1127,23033.0
453,2024-06-13,Thursday,All,88331.0,103002.0,58866.0,48150.0,8169.0,8818.0,6752.0,6416.0,162118.0,170988.0,24318.0,1,4,1,1272,11458,998,19454.0
454,2024-06-14,Friday,All,67310.0,59046.0,48921.0,53573.0,5798.0,7114.0,6010.0,6119.0,128039.0,132750.0,19206.0,0,0,2,950,10970,746,15365.0
455,2024-06-15,Saturday,All,67673.0,76505.0,44929.0,39608.0,7236.0,6475.0,5912.0,5849.0,125750.0,118216.0,18862.0,0,4,1,1054,13636,535,15090.0
456,2024-06-17,Monday,All,84328.0,85227.0,61188.0,62682.0,7986.0,8199.0,7456.0,6805.0,160958.0,163881.0,24144.0,3,3,1,1051,11165,1028,19315.0
457,2024-06-18,Tuesday,All,89631.0,92098.0,65136.0,66246.0,9831.0,8982.0,8679.0,8732.0,173277.0,165829.0,25992.0,0,3,1,999,11427,1118,20793.0
458,2024-06-19,Wednesday,All,94346.0,95056.0,72671.0,77552.0,9551.0,9346.0,8616.0,8150.0,185184.0,176259.0,27778.0,1,4,0,1229,11336,842,22222.0
459,2024-06-20,Thursday,All,79919.0,82587.0,60409.0,62888.0,7489.0,8184.0,6974.0,6265.0,154791.0,156226.0,23219.0,4,2,1,1330,10702,1078,18575.0
460,2024-06-21,Friday,All,68288.0,67366.0,56792.0,46094.0,5410.0,5502.0,5846.0,4629.0,136336.0,139475.0,20450.0,1,1,2,995,13120,1151,16360.0
461,2024-06-22,Saturday,All,63699.0,72423.0,46330.0,42798.0,6671.0,5400.0,6256.0,5987.0,122956.0,128376.0,18443.0,3,0,1,881,12305,882,14755.0
462,2024-06-24,Monday,All,73665.0,70926.0,59715.0,60337.0,7553.0,6369.0,6697.0,7122.0,147630.0,150613.0,22144.0,1,4,1,1295,11747,646,17716.0
463,2024-06-25,Tuesday,All,84722.0,91515.0,75810.0,74933.0,11591.0,10348.0,8008.0,7487.0,180131.0,183321.0,27020.0,4,2,0,1309,11583,515,21616.0
464,2024-06-26,Wednesday,All,88544.0,84678.0,73990.0,76139.0,9104.0,9546.0,8413.0,10304.0,180051.0,174143.0,27008.0,4,4,2,1360,12666,1029,21606.0
465,2024-06-27,Thursday,All,78189.0,77827.0,57935.0,61487.0,7269.0,9127.0,7231.0,7895.0,150624.0,149994.0,22594.0,2,1,2,953,10383,893,18075.0
466,2024-06-28,Friday,All,65860.0,59428.0,50303.0,53041.0,6597.0,7823.0,5312.0,6290.0,128072.0,119029.0,19211.0,3,4,2,1231,13727,607,15369.0
467,2024-06-29,Saturday,All,74782.0,77512.0,49637.0,48673.0,7209.0,5503.0,5687.0,6283.0,137315.0,125295.0,20597.0,2,4,1,1229,12259,538,16478.0
468,2024-07-01,Monday,All,84447.0,93118.0,60869.0,52560.0,8062.0,9341.0,6976.0,8366.0,160354.0,164798.0,24053.0,4,1,1,1274,10910,1178,19242.0
469,2024-07-02,Tuesday,All,89165.0,88701.0,68320.0,66270.0,10099.0,10942.0,7215.0,6625.0,174799.0,170280.0,26220.0,1,2,1,1283,12151,724,20976.0
470,2024-07-03,Wednesday,All,94405.0,93224.0,70148.0,72022.0,8649.0,7258.0,8213.0,6292.0,181415.0,186650.0,27212.0,4,3,0,1371,13408,728,21770.0
471,2024-07-04,Thursday,All,78395.0,71707.0,55229.0,50322.0,7617.0,7344.0,6945.0,6610.0,148186.0,154836.0,22228.0,3,1,0,1086,10692,940,17782.0
472,2024-07-05,Friday,All,65896.0,64520.0,50037.0,52878.0,5647.0,6633.0,5644.0,6063.0,127224.0,123508.0,19084.0,3,0,1,845,12095,755,15267.0
473,2024-07-06,Saturday,All,67775.0,58218.0,50981.0,55069.0,5155.0,5650.0,6433.0,6547.0,130344.0,133886.0,19552.0,1,1,1,915,12390,1139,15641.0
474,2024-07-08,Monday,All,82500.0,77023.0,59341.0,59912.0,8094.0,6916.0,6416.0,6623.0,156351.0,152384.0,23453.0,4,2,0,1331,13240,976,18762.0
475,2024-07-09,Tuesday,All,91657.0,93018.0,65571.0,51784.0,8410.0,8960.0,7910.0,8901.0,173548.0,162473.0,26032.0,3,0,2,1306,12269,750,20826.0
476,2024-07-10,Wednesday,All,97270.0,105184.0,73382.0,67631.0,8963.0,7039.0,7017.0,7304.0,186632.0,187372.0,27995.0,4,1,1,806,12945,686,22396.0
477,2024-07-11,Thursday,All,75456.0,92311.0,61117.0,69605.0,7702.0,7501.0,6783.0,7382.0,151058.0,148233.0,22659.0,4,4,2,1020,13094,1102,18127.0
478,2024-07-12,Friday,All,67059.0,63539.0,47454.0,44995.0,5793.0,6817.0,5527.0,4822.0,125833.0,123192.0,18875.0,0,0,0,947,13564,914,15100.0
479,2024-07-13,Saturday,All,77424.0,86036.0,48790.0,39861.0,6530.0,6547.0,5470.0,4648.0,138214.0,150066.0,20732.0,4,0,0,992,11446,1142,16586.0
480,2024-07-15,Monday,All,80916.0,82379.0,55522.0,61081.0,8207.0,7758.0,7578.0,8789.0,152223.0,143068.0,22833.0,4,2,0,1183,12815,741,18267.0
481,2024-07-16,Tuesday,All,98747.0,97840.0,67340.0,67400.0,10292.0,11092.0,8753.0,8829.0,185132.0,187429.0,27770.0,1,0,2,1106,10995,514,22216.0
482,2024-07-17,Wednesday,All,93381.0,95977.0,68803.0,73775.0,10208.0,11085.0,8362.0,7895.0,180754.0,174785.0,27113.0,4,0,0,1088,13377,1129,21690.0
483,2024-07-18,Thursday,All,82347.0,82718.0,63709.0,64955.0,8709.0,9888.0,6839.0,6373.0,161604.0,167054.0,24241.0,2,0,2,1061,13804,667,19392.0
484,2024-07-19,Friday,All,66807.0,67469.0,47713.0,49777.0,6291.0,7078.0,6238.0,5751.0,127049.0,128840.0,19057.0,1,0,2,1184,11176,1091,15246.0
485,2024-07-20,Saturday,All,66352.0,63902.0,51553.0,53187.0,6474.0,7447.0,5715.0,5183.0,130094.0,132370.0,19514.0,1,4,0,1209,12244,996,15611.0
486,2024-07-22,Monday,All,76906.0,68517.0,58409.0,61548.0,8331.0,8991.0,6615.0,5653.0,150261.0,144592.0,22539.0,1,0,1,826,13289,662,18031.0
487,2024-07-23,Tuesday,All,94736.0,85474.0,71160.0,81408.0,9841.0,10080.0,7465.0,6340.0,183202.0,178608.0,27480.0,0,2,0,882,10108,1029,21984.0
488,2024-07-24,Wednesday,All,89609.0,93528.0,69993.0,74363.0,9518.0,9599.0,8103.0,7957.0,177223.0,182787.0,26583.0,3,3,1,1004,12820,557,21267.0
489,2024-07-25,Thursday,All,82687.0,81027.0,62644.0,55532.0,7825.0,7611.0,7402.0,6957.0,160558.0,171183.0,24084.0,3,3,0,1061,13282,774,19267.0
490,2024-07-26,Friday,All,71375.0,67798.0,48028.0,50038.0,5802.0,4711.0,6864.0,7694.0,132069.0,134951.0,19810.0,3,3,2,1397,13484,749,15848.0
491,2024-07-27,Saturday,All,68500.0,68551.0,44915.0,50052.0,6545.0,5685.0,5756.0,5976.0,125716.0,120331.0,18857.0,2,1,2,1335,10787,959,15086.0
492,2024-07-29,Monday,All,78880.0,83650.0,55879.0,61291.0,7968.0,7714.0,6642.0,6841.0,149369.0,151403.0,22405.0,1,4,0,1189,13028,874,17924.0
493,2024-07-30,Tuesday,All,94831.0,95913.0,68821.0,66901.0,9359.0,9576.0,7731.0,7174.0,180742.0,195307.0,27111.0,3,0,0,821,13144,928,21689.0
494,2024-07-31,Wednesday,All,91780.0,87844.0,66670.0,71912.0,9359.0,10656.0,8600.0,8509.0,176409.0,177024.0,26461.0,4,0,2,860,10011,833,21169.0
495,2024-08-01,Thursday,All,83767.0,91125.0,61255.0,65430.0,7299.0,7261.0,6142.0,6413.0,158463.0,167234.0,23769.0,0,4,1,1074,12820,1017,19016.0
496,2024-08-02,Friday,All,59709.0,69184.0,48235.0,59811.0,6880.0,7783.0,6001.0,6538.0,120825.0,116383.0,18124.0,1,0,1,1152,12504,612,14499.0
497,2024-08-03,Saturday,All,65692.0,68659.0,56756.0,53381.0,6340.0,7311.0,6135.0,6065.0,134923.0,134670.0,20238.0,4,0,2,1196,13875,1003,16191.0
498,2024-08-05,Monday,All,72062.0,77904.0,54812.0,52529.0,7507.0,7299.0,7243.0,8052.0,141624.0,145341.0,21244.0,4,0,0,885,10172,535,16995.0
499,2024-08-06,Tuesday,All,87035.0,94487.0,71028.0,69650.0,10242.0,10777.0,8214.0,8220.0,176519.0,178903.0,26478.0,4,0,2,1332,13862,560,21182.0
500,2024-08-07,Wednesday,All,98471.0,105252.0,67033.0,64827.0,9421.0,9202.0,8607.0,9202.0,183532.0,178934.0,27530.0,0,0,1,1095,12285,1006,22024.0
501,2024-08-08,Thursday,All,83606.0,87291.0,58545.0,54540.0,7181.0,8371.0,7111.0,6744.0,156443.0,151586.0,23466.0,2,2,1,1156,11097,610,18773.0
502,2024-08-09,Friday,All,64157.0,67747.0,50057.0,37625.0,6906.0,7478.0,5337.0,3978.0,126457.0,132387.0,18969.0,0,3,1,823,11549,1039,15175.0
503,2024-08-10,Saturday,All,61025.0,64143.0,42657.0,40701.0,5971.0,4900.0,6651.0,6852.0,116304.0,123453.0,17446.0,4,0,2,1294,13065,592,13956.0
504,2024-08-12,Monday,All,68167.0,61583.0,60736.0,62398.0,7780.0,7925.0,6849.0,7393.0,143532.0,152605.0,21530.0,2,4,1,1125,13984,602,17224.0
505,2024-08-13,Tuesday,All,90842.0,95046.0,76126.0,73907.0,9782.0,11265.0,8712.0,9144.0,185462.0,196286.0,27819.0,1,0,0,933,11267,1152,22255.0
506,2024-08-14,Wednesday,All,102697.0,94562.0,69057.0,77766.0,10443.0,10280.0,7115.0,7432.0,189312.0,190120.0,28397.0,0,3,0,991,13934,624,22717.0
507,2024-08-15,Thursday,All,81765.0,76997.0,60805.0,60865.0,8037.0,8440.0,7664.0,7403.0,158271.0,156404.0,23741.0,3,4,2,1011,12516,1139,18993.0
508,2024-08-16,Friday,All,64797.0,72618.0,52708.0,58518.0,5574.0,6065.0,6461.0,5856.0,129540.0,137646.0,19431.0,4,2,1,816,10768,743,15545.0
509,2024-08-17,Saturday,All,68895.0,73936.0,49141.0,50317.0,6620.0,5687.0,5741.0,6155.0,130397.0,134675.0,19560.0,4,2,0,1365,12390,1058,15648.0
510,2024-08-19,Monday,All,73782.0,82706.0,58283.0,62002.0,7735.0,8195.0,7305.0,7625.0,147105.0,141210.0,22066.0,4,0,0,1281,13207,1157,17653.0
511,2024-08-20,Tuesday,All,91827.0,90197.0,63591.0,64848.0,10890.0,9636.0,8604.0,8183.0,174912.0,168710.0,26237.0,4,1,0,1331,10218,581,20989.0
512,2024-08-21,Wednesday,All,93414.0,86501.0,72341.0,78501.0,9757.0,9194.0,8003.0,8835.0,183515.0,186467.0,27527.0,3,4,2,1012,10315,731,22022.0
513,2024-08-22,Thursday,All,79681.0,78238.0,59686.0,59938.0,6685.0,7653.0,7299.0,6637.0,153351.0,152287.0,23003.0,4,1,2,1134,10020,901,18402.0
514,2024-08-23,Friday,All,70199.0,70811.0,46595.0,48828.0,6508.0,6829.0,5322.0,4884.0,128624.0,128465.0,19294.0,4,0,1,1074,12281,1105,15435.0
515,2024-08-24,Saturday,All,68414.0,68888.0,50013.0,51661.0,7460.0,7186.0,5422.0,6649.0,131309.0,137744.0,19696.0,2,3,0,1085,10231,631,15757.0
516,2024-08-26,Monday,All,82699.0,89501.0,58275.0,56978.0,8971.0,9373.0,7589.0,8240.0,157534.0,162088.0,23630.0,3,3,1,1153,13728,630,18904.0
517,2024-08-27,Tuesday,All,90263.0,88095.0,68833.0,70655.0,10856.0,10802.0,8812.0,8543.0,178764.0,186743.0,26815.0,4,0,0,1070,10511,757,21452.0
518,2024-08-28,Wednesday,All,96608.0,98720.0,72237.0,82292.0,9146.0,9157.0,7972.0,8188.0,185963.0,174374.0,27894.0,0,0,1,1263,10286,643,22316.0
519,2024-08-29,Thursday,All,86542.0,80610.0,56011.0,54794.0,8573.0,9164.0,6659.0,6775.0,157785.0,159305.0,23668.0,3,0,1,835,11030,686,18934.0
520,2024-08-30,Friday,All,63155.0,65857.0,52776.0,54664.0,5861.0,5206.0,5404.0,3345.0,127196.0,131364.0,19079.0,1,0,2,915,13052,590,15264.0
521,2024-08-31,Saturday,All,63485.0,63504.0,45441.0,51101.0,6429.0,6465.0,6093.0,5413.0,121448.0,112288.0,18217.0,0,3,0,1335,13627,1080,14574.0
522,2024-09-02,Monday,All,85369.0,80870.0,58038.0,63169.0,7262.0,6981.0,6526.0,6488.0,157195.0,153266.0,23579.0,0,0,0,1329,11004,1057,18863.0
523,2024-09-03,Tuesday,All,92251.0,90836.0,76187.0,76240.0,9372.0,7945.0,8504.0,8237.0,186314.0,181271.0,27947.0,0,3,0,1290,12074,601,22358.0
524,2024-09-04,Wednesday,All,98632.0,97527.0,73801.0,63076.0,9353.0,8525.0,8699.0,8884.0,190485.0,190615.0,28573.0,4,0,1,1021,13095,875,22858.0
525,2024-09-05,Thursday,All,78256.0,76635.0,60319.0,62644.0,8565.0,9976.0,6982.0,7829.0,154122.0,163889.0,23118.0,3,4,1,1073,13187,952,18495.0
526,2024-09-06,Friday,All,72856.0,83484.0,46812.0,36824.0,6775.0,7121.0,6232.0,5991.0,132675.0,144811.0,19901.0,0,3,0,815,10611,939,15921.0
527,2024-09-07,Saturday,All,67562.0,66971.0,48046.0,54661.0,6460.0,5269.0,5575.0,4782.0,127643.0,122757.0,19146.0,3,1,2,967,13353,1188,15317.0
528,2024-09-09,Monday,All,81059.0,79596.0,60246.0,61009.0,7216.0,5830.0,6919.0,7163.0,155440.0,158599.0,23316.0,3,2,1,1235,13469,948,18653.0
529,2024-09-10,Tuesday,All,99276.0,86691.0,70531.0,75030.0,9572.0,9471.0,7837.0,7592.0,187216.0,190569.0,28082.0,2,0,2,1005,12939,980,22466.0
530,2024-09-11,Wednesday,All,91570.0,86205.0,70146.0,66086.0,9311.0,10716.0,8834.0,8717.0,179861.0,182187.0,26979.0,3,0,1,1088,12108,523,21583.0
531,2024-09-12,Thursday,All,76262.0,74684.0,59934.0,52948.0,8548.0,8380.0,6643.0,6424.0,151387.0,153781.0,22708.0,4,2,0,873,11565,555,18166.0
532,2024-09-13,Friday,All,65242.0,61127.0,48991.0,50164.0,7001.0,8177.0,5902.0,7583.0,127136.0,128958.0,19070.0,2,0,0,1097,13557,933,15256.0
533,2024-09-14,Saturday,All,68846.0,77136.0,45308.0,45157.0,6928.0,7245.0,5692.0,4011.0,126774.0,136899.0,19016.0,3,3,1,1233,13455,1135,15213.0
534,2024-09-16,Monday,All,73764.0,72774.0,58477.0,56265.0,7574.0,7998.0,6500.0,6209.0,146315.0,152930.0,21947.0,2,1,1,1143,12072,779,17558.0
535,2024-09-17,Tuesday,All,95567.0,103298.0,73163.0,73544.0,8115.0,6913.0,8021.0,8018.0,184866.0,178505.0,27730.0,1,0,2,1134,12968,950,22184.0
536,2024-09-18,Wednesday,All,90862.0,91232.0,66314.0,78767.0,8699.0,9543.0,9017.0,8431.0,174892.0,179666.0,26234.0,4,2,2,1348,11599,647,20987.0
537,2024-09-19,Thursday,All,84618.0,84841.0,59458.0,63213.0,8880.0,8579.0,7128.0,7803.0,160084.0,165438.0,24013.0,2,2,0,940,12972,819,19210.0
538,2024-09-20,Friday,All,57459.0,56926.0,47175.0,51898.0,6054.0,6831.0,5223.0,5833.0,115911.0,117801.0,17387.0,3,3,0,979,10357,1025,13909.0
539,2024-09-21,Saturday,All,63890.0,63913.0,49969.0,53767.0,5844.0,5111.0,5881.0,5845.0,125584.0,132373.0,18838.0,3,0,0,1173,13606,961,15070.0
540,2024-09-23,Monday,All,73281.0,83594.0,58861.0,65519.0,9013.0,9172.0,6954.0,6751.0,148109.0,149237.0,22216.0,3,2,0,1088,12062,579,17773.0
541,2024-09-24,Tuesday,All,89713.0,75795.0,74852.0,73997.0,10518.0,10835.0,10053.0,9969.0,185136.0,186339.0,27770.0,3,4,0,1387,12394,1115,22216.0
542,2024-09-25,Wednesday,All,94008.0,81999.0,71939.0,62693.0,9774.0,9635.0,8469.0,8390.0,184190.0,184917.0,27628.0,3,1,0,835,10757,1148,22103.0
543,2024-09-26,Thursday,All,79310.0,76051.0,56092.0,55243.0,7851.0,8215.0,6837.0,6778.0,150090.0,137981.0,22514.0,2,4,1,873,12114,833,18011.0
544,2024-09-27,Friday,All,66023.0,66110.0,51649.0,55302.0,6216.0,5976.0,6438.0,6297.0,130326.0,129844.0,19549.0,3,3,0,1005,10012,738,15639.0
545,2024-09-28,Saturday,All,66400.0,70541.0,47311.0,42947.0,6431.0,5847.0,4808.0,4997.0,124950.0,120940.0,18742.0,2,2,0,1075,13560,871,14994.0
546,2024-09-30,Monday,All,80841.0,83680.0,58296.0,57502.0,8987.0,10432.0,7074.0,7639.0,155198.0,148079.0,23280.0,1,4,0,1334,12995,1060,18624.0
547,2024-10-01,Tuesday,All,88984.0,86679.0,71361.0,68248.0,10013.0,10957.0,9324.0,8401.0,179682.0,188286.0,26952.0,3,4,2,1096,11817,816,21562.0
548,2024-10-02,Wednesday,All,95845.0,101959.0,68944.0,75703.0,10195.0,9510.0,8268.0,7480.0,183252.0,186277.0,27488.0,4,1,1,1062,13343,521,21990.0
549,2024-10-03,Thursday,All,82678.0,88859.0,62706.0,66079.0,8729.0,9241.0,6161.0,4850.0,160274.0,160095.0,24041.0,3,4,2,900,13246,550,19233.0
550,2024-10-04,Friday,All,68577.0,69681.0,47312.0,50244.0,5594.0,4926.0,5531.0,6181.0,127014.0,123625.0,19052.0,3,0,0,1060,10476,1068,15242.0
551,2024-10-05,Saturday,All,69263.0,75039.0,47778.0,50575.0,6748.0,5682.0,6456.0,6644.0,130245.0,132022.0,19537.0,4,0,0,1118,10215,1050,15629.0
552,2024-10-07,Monday,All,81213.0,82849.0,58058.0,57890.0,7851.0,8781.0,7216.0,7595.0,154338.0,160287.0,23151.0,1,0,1,1150,11014,1040,18521.0
553,2024-10-08,Tuesday,All,101158.0,97789.0,68723.0,69612.0,8250.0,6716.0,7907.0,6835.0,186038.0,181076.0,27906.0,0,1,1,1163,10005,588,22325.0
554,2024-10-09,Wednesday,All,92670.0,96857.0,73718.0,68385.0,8483.0,9317.0,7984.0,9323.0,182855.0,182826.0,27428.0,1,4,0,1057,12292,619,21943.0
555,2024-10-10,Thursday,All,78799.0,79463.0,61914.0,52075.0,7417.0,7190.0,6748.0,6291.0,154878.0,160086.0,23232.0,3,3,0,894,12113,776,18585.0
556,2024-10-11,Friday,All,64023.0,64031.0,54765.0,55440.0,6614.0,6424.0,5909.0,6035.0,131311.0,119695.0,19697.0,4,3,1,891,12151,661,15757.0
557,2024-10-12,Saturday,All,62908.0,71746.0,56438.0,57896.0,6364.0,6733.0,6398.0,7039.0,132108.0,131763.0,19816.0,2,0,0,892,10294,770,15853.0
558,2024-10-14,Monday,All,75050.0,60345.0,56936.0,62378.0,8139.0,8662.0,7554.0,6814.0,147679.0,145103.0,22152.0,3,2,1,1171,13672,890,17721.0
559,2024-10-15,Tuesday,All,89463.0,80957.0,70632.0,77703.0,10931.0,10187.0,8555.0,8145.0,179581.0,178778.0,26937.0,0,1,2,1313,13906,696,21550.0
560,2024-10-16,Wednesday,All,92736.0,85614.0,66892.0,73957.0,8999.0,9645.0,7661.0,7795.0,176288.0,173278.0,26443.0,3,2,1,1329,12362,586,21155.0
561,2024-10-17,Thursday,All,81365.0,79185.0,57695.0,53204.0,8012.0,8114.0,6364.0,8507.0,153436.0,154262.0,23015.0,3,1,1,986,10022,781,18412.0
562,2024-10-18,Friday,All,67242.0,65714.0,47746.0,46161.0,6479.0,5349.0,5996.0,6222.0,127463.0,139005.0,19119.0,2,1,1,847,11583,1005,15296.0
563,2024-10-19,Saturday,All,63976.0,54932.0,46464.0,48626.0,5854.0,5701.0,5056.0,6261.0,121350.0,119406.0,18202.0,3,4,2,1178,12872,932,14562.0
564,2024-10-21,Monday,All,83629.0,77718.0,56873.0,68267.0,8045.0,9288.0,6915.0,7819.0,155462.0,157212.0,23319.0,2,2,1,823,12994,725,18655.0
565,2024-10-22,Tuesday,All,95976.0,90811.0,69988.0,76648.0,8800.0,10309.0,8479.0,8755.0,183243.0,195211.0,27486.0,2,2,1,1176,10973,717,21989.0
566,2024-10-23,Wednesday,All,92380.0,107125.0,66770.0,71807.0,10606.0,11252.0,7759.0,7017.0,177515.0,174215.0,26627.0,3,0,2,1029,13290,908,21302.0
567,2024-10-24,Thursday,All,77417.0,88227.0,62555.0,60810.0,7619.0,6548.0,6516.0,7311.0,154107.0,164995.0,23116.0,3,3,0,1303,13870,620,18493.0
568,2024-10-25,Friday,All,69232.0,66762.0,46883.0,42909.0,7515.0,7957.0,5682.0,4558.0,129312.0,129344.0,19397.0,1,2,0,1175,12034,1083,15517.0
569,2024-10-26,Saturday,All,67790.0,65609.0,58065.0,61615.0,6277.0,7043.0,5981.0,7182.0,138113.0,148804.0,20717.0,1,1,1,1243,11526,1108,16574.0
570,2024-10-28,Monday,All,74236.0,67341.0,58674.0,53721.0,8645.0,9298.0,7559.0,7709.0,149114.0,153615.0,22367.0,2,3,0,1043,12104,517,17894.0
571,2024-10-29,Tuesday,All,92747.0,81298.0,70637.0,69564.0,9729.0,10435.0,8631.0,6643.0,181744.0,183587.0,27262.0,1,0,0,1304,10109,1179,21809.0
572,2024-10-30,Wednesday,All,94067.0,93366.0,66535.0,66018.0,9742.0,10069.0,8364.0,8109.0,178708.0,178314.0,26806.0,1,2,0,1115,12093,516,21445.0
573,2024-10-31,Thursday,All,76430.0,70443.0,65147.0,72315.0,7678.0,7613.0,6656.0,7146.0,155911.0,152167.0,23387.0,1,4,2,1175,10107,821,18709.0
574,2024-11-01,Friday,All,67798.0,67289.0,52995.0,51399.0,6368.0,5820.0,5194.0,5016.0,132355.0,132810.0,19853.0,1,2,1,1016,10139,967,15883.0
575,2024-11-02,Saturday,All,61219.0,51618.0,50527.0,39550.0,6487.0,4779.0,5474.0,6010.0,123707.0,129091.0,18556.0,2,0,2,1069,12213,728,14845.0
576,2024-11-04,Monday,All,85374.0,80802.0,55988.0,58258.0,7558.0,7864.0,7234.0,6596.0,156154.0,156075.0,23423.0,2,1,0,1304,12043,642,18738.0
577,2024-11-05,Tuesday,All,98011.0,98903.0,71053.0,67907.0,9686.0,9853.0,8496.0,7517.0,187246.0,185346.0,28087.0,3,0,1,1036,13946,533,22470.0
578,2024-11-06,Wednesday,All,92009.0,94206.0,67057.0,67249.0,9395.0,9897.0,7278.0,7224.0,175739.0,174234.0,26361.0,1,2,1,812,12030,1009,21089.0
579,2024-11-07,Thursday,All,81483.0,83988.0,64416.0,64026.0,9409.0,8205.0,6636.0,6660.0,161944.0,167899.0,24292.0,4,1,1,1027,13919,525,19433.0
580,2024-11-08,Friday,All,57399.0,49476.0,52064.0,50832.0,6243.0,6824.0,6332.0,6071.0,122038.0,129389.0,18306.0,2,0,2,1035,13228,838,14645.0
581,2024-11-09,Saturday,All,62413.0,67541.0,49923.0,53480.0,7224.0,9073.0,5770.0,6690.0,125330.0,121327.0,18800.0,3,3,2,1051,11349,775,15040.0
582,2024-11-11,Monday,All,78854.0,74053.0,52720.0,45822.0,7912.0,7983.0,6321.0,5683.0,145807.0,141795.0,21871.0,0,0,1,842,13704,1177,17497.0
583,2024-11-12,Tuesday,All,88731.0,92528.0,67471.0,65144.0,9917.0,9862.0,9506.0,9741.0,175625.0,177901.0,26344.0,0,1,2,877,11930,1151,21075.0
584,2024-11-13,Wednesday,All,95877.0,95813.0,72485.0,75563.0,8968.0,9246.0,8314.0,8365.0,185644.0,194809.0,27847.0,2,4,0,994,12379,1072,22277.0
585,2024-11-14,Thursday,All,88018.0,79760.0,63668.0,60905.0,7761.0,9590.0,7221.0,6053.0,166668.0,173544.0,25000.0,1,0,0,1054,10401,1011,20000.0
586,2024-11-15,Friday,All,62332.0,60435.0,52965.0,45725.0,6424.0,5503.0,5930.0,4941.0,127651.0,120140.0,19148.0,2,1,2,817,10850,880,15318.0
587,2024-11-16,Saturday,All,63689.0,65881.0,44861.0,47869.0,7249.0,7432.0,5547.0,5556.0,121346.0,119762.0,18202.0,0,1,0,1033,12088,744,14562.0
588,2024-11-18,Monday,All,80971.0,84649.0,60934.0,65988.0,8163.0,7443.0,6666.0,8152.0,156734.0,151150.0,23510.0,2,2,0,992,11084,616,18808.0
589,2024-11-19,Tuesday,All,99464.0,98618.0,73468.0,73266.0,10592.0,10100.0,9389.0,9823.0,192913.0,191308.0,28937.0,3,1,0,820,12398,1177,23150.0
590,2024-11-20,Wednesday,All,88130.0,97321.0,65447.0,56623.0,10146.0,10101.0,8830.0,7536.0,172553.0,182179.0,25883.0,3,4,0,950,10319,769,20706.0
591,2024-11-21,Thursday,All,81026.0,87071.0,60006.0,63183.0,9006.0,10219.0,7441.0,5108.0,157479.0,148943.0,23622.0,1,0,1,965,11004,800,18897.0
592,2024-11-22,Friday,All,74324.0,72784.0,50459.0,42990.0,6262.0,7883.0,6019.0,6569.0,137064.0,127351.0,20560.0,1,4,0,886,12660,598,16448.0
593,2024-11-23,Saturday,All,60432.0,64933.0,48735.0,50125.0,7732.0,8135.0,5229.0,5157.0,122128.0,117157.0,18319.0,2,2,1,1251,12448,693,14655.0
594,2024-11-25,Monday,All,74905.0,86508.0,54473.0,50479.0,7738.0,7399.0,7668.0,8524.0,144784.0,146508.0,21718.0,2,0,2,843,13934,944,17374.0
595,2024-11-26,Tuesday,All,91326.0,103089.0,69445.0,64226.0,9302.0,11545.0,7907.0,7246.0,177980.0,181705.0,26697.0,3,0,0,1146,13598,798,21358.0
596,2024-11-27,Wednesday,All,90938.0,83570.0,69440.0,67451.0,9036.0,8651.0,8470.0,8733.0,177884.0,180509.0,26683.0,1,0,2,1199,13242,910,21346.0
597,2024-11-28,Thursday,All,83280.0,77721.0,59586.0,58761.0,9428.0,8914.0,6210.0,6845.0,158504.0,165558.0,23776.0,3,1,1,1283,10003,648,19020.0
598,2024-11-29,Friday,All,68006.0,76916.0,47947.0,45048.0,6790.0,5193.0,4710.0,4374.0,127453.0,116874.0,19118.0,4,1,1,1127,12409,557,15294.0
599,2024-11-30,Saturday,All,59940.0,53590.0,48309.0,50958.0,6097.0,7353.0,5890.0,5570.0,120236.0,127366.0,18035.0,1,3,1,1125,10915,1119,14428.0
